,GeneName,Start,End,Length,RegionType,ProteinRegionSeq,uniprotID,NewPrediction
0,sp|Q4VC44|FWCH1_HUMAN,211,251,40,Prediction,VEEPLEGVGPWQCPEEPEPTPGLVLSKPALEEEEAPRALS,Q4VC44,True
1,sp|Q4VC44|FWCH1_HUMAN,392,436,44,Prediction,KVEDQELPTQPEAPDEHQDMDADPGGPEFLKTPLGGSFLVYESF,Q4VC44,True
2,sp|Q8NB42|ZN527_HUMAN,71,130,59,Prediction,PWMVERKMSQGHCADWESWCEIEELSPKWFIDEDEISQEMVMERLASHGLECSSFREAW,Q8NB42,True
3,sp|O60281|ZN292_HUMAN,2481,2520,39,Prediction,DELTELFITKLINEDSTSVETQANTSSNVSNDFQEDNLC,O60281,True
4,sp|Q53GI3|ZN394_HUMAN,96,139,43,Prediction,LLSKEQILELLVLEQFLTILPEELQAWVREHCPESGEEAVAVV,Q53GI3,True
5,sp|Q96H12|MSD3_HUMAN,113,159,46,Prediction,MLPEQLYFLQSPPEEEPEYHPDASAQESFAVSNRELCDDEKEFIHF,Q96H12,True
6,sp|P11474|ERR1_HUMAN,324,363,39,Prediction,EYVLLKALALANSDSVHIEDAEAVEQLREALHEALLEYE,P11474,True
7,sp|Q96HQ0|ZN419_HUMAN,3,52,49,Prediction,AALRDPAQVPVAADLLTDHEEGYVTFEDVAVYFSQEEWRLLDDAQRLLY,Q96HQ0,False
8,sp|Q06330|SUH_HUMAN,202,244,42,Prediction,LHVEGGNFHASSQQWGAFFIHLLDDDESEGEEFTVRDGYIHY,Q06330,True
9,sp|Q9P0J7|KCMF1_HUMAN,302,362,60,Prediction,ETERQSMESERADRSLFVQELLLSTLVREESSSSDEDDRGEMADFGAMGCVDIMPLDVAL,Q9P0J7,True
10,sp|O43823|AKAP8_HUMAN,306,346,40,Prediction,QFQLYEEPDTKLARVDSEGDFSENDDAAGDFRSGDEEFKG,O43823,True
11,sp|P98182|ZN200_HUMAN,100,158,58,Prediction,QETVSLYLKANPEELVVFEDLNVFHCQEECVSLDPTQQLTSEKEDDSSVGEMMLLAVN,P98182,True
12,sp|Q86VK4|ZN410_HUMAN,132,180,48,Prediction,SSAEHLVFVQDEAEDSGNDFLSSESTDSSIPWFLRVQELAHDSLIAAT,Q86VK4,True
13,sp|Q9H1K0|RBNS5_HUMAN,2,43,41,Prediction,SLDDPGEVREGFLCPLCLKDLQSFYQLHSHYEEEHSGEDRD,Q9H1K0,True
14,sp|Q9H1K0|RBNS5_HUMAN,700,769,69,Prediction,LSSPLVPGNPFEEPTCINPFEMDSDSGPEAEEPIEEELLLQQIDNIKAYIFDAKQCGRLDEVEVLTENL,Q9H1K0,True
15,sp|Q9H165|BC11A_HUMAN,9,66,57,Prediction,QHLSKREFSPEPLEAILTDDEPDHGPLGAPEGDHDLLTCGQCQMNFPLGDILIFIEH,Q9H165,True
16,sp|Q13351|KLF1_HUMAN,41,101,60,Prediction,GPPDPTEPPLHVKSEDQPGEEEDDERGADATWDLDLLLTNFSGPEPGGAPQTCALAPSEA,Q13351,True
17,sp|Q9ULD9|ZN608_HUMAN,570,608,38,Prediction,RYHQAHAHLDPENKLEFEPDSEDKISDCEEGLSNVALE,Q9ULD9,True
18,sp|Q14765|STAT4_HUMAN,14,54,40,Prediction,LEQVDQFYDDNFPMEIRHLLAQWIENQDWEAASNNETMAT,Q14765,True
19,sp|Q8NFU7|TET1_HUMAN,375,414,39,Prediction,WELPGADPVHGEALGETPDLPEIPGAIPVQGEVFGTILD,Q8NFU7,True
20,sp|Q8NFU7|TET1_HUMAN,1963,2013,50,Prediction,SEADEPPSDEPLSDDPLSPAEEKLPHIDEYWSDSEHIFLDANIGGVAIAP,Q8NFU7,False
21,sp|Q9NZV7|ZIM2_HUMAN,151,189,38,Prediction,NLPSAGSQFPDFKHLGTFLVFEELVTFEDVLVDFSPEE,Q9NZV7,True
22,sp|Q6XYB7|LBX2_HUMAN,160,198,38,Prediction,VLCSLALPEGAPDPGLCLGPAGPDSRPHLSDEEIQVDD,Q6XYB7,True
23,sp|O15015|ZN646_HUMAN,335,374,39,Prediction,HTDESSQDQLPSAQMLNGSAELSTSGELEDSGLEEYRPF,O15015,True
24,sp|O15015|ZN646_HUMAN,685,797,112,Prediction,EAKLLAAESWTRELEDNEGLESPQDPSGESPHGAEGNLESDGDCLQAESEGDKCGLERDETHFQGDKESGGTGEGLERKDASLLDNLDIPGEEGGGTHFCDSLTGVDEDQKP,O15015,True
25,sp|O15015|ZN646_HUMAN,912,954,42,Prediction,SEEEGEEEGVAEAAPARSPPLQLSEAELLNQLQREVEALDSA,O15015,True
26,sp|Q9UIH9|KLF15_HUMAN,111,175,64,Prediction,AAPVKGEHFCLPEFPLGDPDDVPRPFQPTLEEIEEFLEENMEPGVKEVPEGNSKDLDACSQLSA,Q9UIH9,False
27,sp|Q96N77|ZN641_HUMAN,56,96,40,Prediction,PLEHLCCDLEEEPQSLQEKAQSAPWVPAIPQEGNTGDWEM,Q96N77,True
28,sp|Q96N77|ZN641_HUMAN,153,194,41,Prediction,PKLDMLSQLEGGEEQWVPDPQDLEERDILRVTYTGDGSEHE,Q96N77,True
29,sp|Q9H0M5|ZN700_HUMAN,11,49,38,Prediction,DPGTSESREMDPVAFEDVAVNFTQEEWTLLDISQKNLF,Q9H0M5,True
30,sp|O15156|ZBT7B_HUMAN,280,338,58,Prediction,ELVYPPAYGLAQGGGPPLSPEELGSDEDAIDPDLMAYLSSLHQDNLAPGLDSQDKLVR,O15156,False
31,sp|Q9C0F3|ZN436_HUMAN,87,128,41,Prediction,ENPESEEGFESGDRSERQWGDLTAEEWVSYPLQPVTDLLVH,Q9C0F3,True
32,sp|P10243|MYBA_HUMAN,341,388,47,Prediction,AVEANAVLSSLQTIPEFAETLELIESDPVAWSDVTSFDISDAAASPI,P10243,True
33,sp|Q96BT3|CENPT_HUMAN,292,334,42,Prediction,AQFLAGEAEEVNAFALGFLSTSSGVSGEDEVEPLHDGVEEAE,Q96BT3,True
34,sp|Q70SY1|CR3L2_HUMAN,4,59,55,Prediction,ESGEQGVLQWDRKLSELSEPGDGEALMYHTHFSELLDEFSQNVLGQLLNDPFLSE,Q70SY1,True
35,sp|Q68CJ9|CR3L3_HUMAN,53,100,47,Prediction,VLPNPDSDDFLSSILGSGDSLPSSPLWSPEGSDSGISEDLPSDPQDT,Q68CJ9,True
36,sp|Q68CJ9|CR3L3_HUMAN,386,425,39,Prediction,EADTTREESPGSPGADWGFQDTANLTNSTEELDNATLVL,Q68CJ9,True
37,sp|Q53EQ6|TIGD5_HUMAN,500,550,50,Prediction,EEAAEHSRVLSDLTHLAALAYKCLAPEEVAEWLHLDDDGGPPEGCREEVG,Q53EQ6,True
38,sp|Q6P280|ZN529_HUMAN,16,81,65,Prediction,AVMPEVEFPDQFFTVLTMDHELVTLRDVVINFSQEEWEYLDSAQRNLYWDVMMENYSNLLSLDLE,Q6P280,False
39,sp|P17029|ZKSC1_HUMAN,97,154,57,Prediction,LLVLEQFLSILPKELQVWLQEYRPDSGEEAVTLLEDLELDLSGQQVPGQVHGPEMLA,P17029,True
40,sp|Q9HBT7|ZN287_HUMAN,118,156,38,Prediction,DLTQILEEEAPQNSTLSQDTPEEDPRGKHAFQTGWLND,Q9HBT7,True
41,sp|P35638|DDIT3_HUMAN,1,67,66,Prediction,AAESLPFSFGTLSSWELEAWYEDLQEVLSSDENGGTYVSPPGNEEEESKIFTTLDPASLAWLTEEE,P35638,False
42,sp|Q8N5A5|ZGPAT_HUMAN,250,288,38,Prediction,DSLLLREAVVEGDGILPPLRTEATESDSDSDGTGDSSY,Q8N5A5,True
43,sp|P35716|SOX11_HUMAN,2,46,44,Prediction,QQAESLEAESNLPREALDTEEGEFMACSPVALDESDPDWCKTAS,P35716,True
44,sp|P35716|SOX11_HUMAN,198,269,71,Prediction,VLGSLRVSGSGGGGAGKTVKCVFLDEDDDDDDDDDELQLQIKQEPDEEDEEPPHQQLLQPPGQQPSQLLRR,P35716,True
45,sp|P35716|SOX11_HUMAN,389,441,52,Prediction,LSLSLVDKDLDSFSEGSLGSHFEFPDYCTPELSEMIAGDWLEANFSDLVFTY,P35716,False
46,sp|Q9Y6Q9|NCOA3_HUMAN,786,826,40,Prediction,TETSEEGSGDLDNLDAILGDLTSSDFYNNSISSNGSHLGT,Q9Y6Q9,True
47,sp|Q9Y6Q9|NCOA3_HUMAN,1032,1073,41,Prediction,SLDDLVGPPSNLEGQSDERALLDQLHTLLSNTDATGLEEID,Q9Y6Q9,True
48,sp|Q8WYN3|CSRN3_HUMAN,127,184,57,Prediction,EKLNSLKLKMTKNGTVESEEASTLTLDDISDDDIDLDNTEVDEYFFLQPLPTKKRRA,Q8WYN3,False
49,sp|P17014|ZNF12_HUMAN,49,112,63,Prediction,HIIKPDVISKLEQGEEPWIVEGEFLLQSYPDEVWQTDDLIERIQEEENKPSRQTVFIETLIEE,P17014,False
50,sp|P86452|ZBED6_HUMAN,324,380,56,Prediction,SGAVANGLDEAETERSDLLSDTLHGEKSTGSQDLTAEDLSDSDSDEPMLEVENRSE,P86452,True
51,sp|P86452|ZBED6_HUMAN,777,816,39,Prediction,LEDFFPQGADLETYKQFLAEEVCNYMESSPEICQIPTSE,P86452,True
52,sp|Q8N587|ZN561_HUMAN,19,83,64,Prediction,EEKTKVERMVEDYLASGYQDSVTFDDVAVDFTPEEWALLDTTEKYLYRDVMLENYMNLASVEWE,Q8N587,False
53,sp|Q14872|MTF1_HUMAN,42,96,54,Prediction,VYDRTTVLIEQDPGTLEDEDDDGQCGEHLPFLVGGEEGFHLIDHEAMSQGYVQH,Q14872,False
54,sp|Q14872|MTF1_HUMAN,704,748,44,Prediction,SDPQTETLSAMDVSEFLSLQSLDTPSNLIPIEALLQGEEEMGLT,Q14872,True
55,sp|Q9NP62|GCM1_HUMAN,1,40,39,Prediction,EPDDFDSEDKEILSWDINDVKLPQNVKKTDWFQEWPDSY,Q9NP62,True
56,sp|P18850|ATF6A_HUMAN,5,92,87,Prediction,GVAGTMESPFSPGLFHRLDEDWDSALFAELGYFTDTDELQLEAANETYENNFDNLDFDLDLMPWESDIWDINNQICTVKDIKAEPQP,P18850,False
57,sp|Q6NT04|TIGD7_HUMAN,399,449,50,Prediction,ENLLYKKEPEYDFQGLEHGDYREILEKCGELETKLDDDRVWLNGDEEKGC,Q6NT04,False
58,sp|Q96IT1|ZN496_HUMAN,115,179,64,Prediction,AVEALEREPGRPWQWLKHCEDPVVIDDGDSPLDQEQEQLPVEPHSDLAKNQDAQPITLAQCLGL,Q96IT1,True
59,sp|Q96IT1|ZN496_HUMAN,224,275,51,Prediction,DMILCFSEEDWSLLDPAQTGFYGEFIIGEDYGVSMPPNDLAAQPDLSQGEE,Q96IT1,True
60,sp|Q86UZ6|ZBT46_HUMAN,550,589,39,Prediction,DDEGLAPEDALLADDKDEEDSPRPRSPPGGPDKDFAWLS,Q86UZ6,False
61,sp|P19532|TFE3_HUMAN,257,298,41,Prediction,EKEIDDVIDEIISLESSYNDEMLSYLPGGTTGLQLPSTLPV,P19532,True
62,sp|P19532|TFE3_HUMAN,488,550,62,Prediction,HQQPPAPPSDALLDLHFPSDHLGDLGDPFHLGLEDILMEEEEGVVGGLSGGALSPLRAASDP,P19532,False
63,sp|Q96JL9|ZN333_HUMAN,179,224,45,Prediction,LQEDKVEEEAMAPGLPTACSQEPVTFADVAVVFTPEEWVFLDSTQ,Q96JL9,True
64,sp|O43313|ATMIN_HUMAN,630,690,60,Prediction,NPGIDFDIEEFFSASNIQTQTEESELSTMTTEPVLESLDIETQTDFLLADTSAQSYGCRG,O43313,True
65,sp|P28324|ELK4_HUMAN,270,310,40,Prediction,PLSSHPDIDTDIDSVASQPMELPENLSLEPKDQDSVLLEK,P28324,True
66,sp|Q33E94|RFX4_HUMAN,364,406,42,Prediction,TMEDSRDEHRKLITQLYQEFDHLLEEQSPIESYIEWLDTMVD,Q33E94,True
67,sp|Q9Y2G1|MYRF_HUMAN,7,51,44,Prediction,EALQRFFEGHDINGALEPSNIDTSILEEYISKEDASDLCFPDIS,Q9Y2G1,True
68,sp|Q8TCN5|ZN507_HUMAN,340,386,46,Prediction,SAERGVHLSQSVTLDPNEEEMLEVISDAEENLIPDSLLTSAQKIIS,Q8TCN5,True
69,sp|P26358|DNMT1_HUMAN,358,398,40,Prediction,YLDDPDLKYGQHPPDAVDEPQMLTNEKLSIFDANESGFES,P26358,True
70,sp|P26358|DNMT1_HUMAN,544,585,41,Prediction,FTEDSLLRHAQFVVEQVESYDEAGDSDEQPIFLTPCMRDLI,P26358,True
71,sp|P26358|DNMT1_HUMAN,782,879,97,Prediction,WEDSSNGQMFHAHWFCAGTDTVLGATSDPLELFLVDECEDMQLSYIHSKVKVIYKAPSENWAMEGGMDPESLLEGDDGKTYFYQLWYDQDYARFESP,P26358,True
72,sp|P57071|PRD15_HUMAN,1249,1290,41,Prediction,EVLAVRIDDLDHLPETTTIDASSIGIVQPELTLEQEDLAEG,P57071,True
73,sp|Q00577|PURA_HUMAN,189,228,39,Prediction,LPAQGLIEFRDALAKLIDDYGVEEEPAELPEGTSLTVDN,Q00577,True
74,sp|Q8N187|CARTF_HUMAN,631,673,42,Prediction,MGNLPEPDQNLVAMDELVEVGDVEDTGNLEGTVHRILLGDVQ,Q8N187,True
75,sp|Q8WXT5|FX4L4_HUMAN,26,75,49,Prediction,IDVLGEEEDEDEVEDEEEEARQQFLEQSLQPGLQVARWGGVALPREHIE,Q8WXT5,True
76,sp|Q16649|NFIL3_HUMAN,12,50,38,Prediction,QASLDASSNVDKMMVLNSALTEVSEDSTTGEELLLSEG,Q16649,True
77,sp|Q8N8E2|ZN513_HUMAN,7,84,77,Prediction,HPQPVKCEGVKVDTEDSLDEGPGALVLESDLLLGQDLEFEEEEEEEEGDGNSDQLMGFERDSEGDSLGARPGLPYGL,Q8N8E2,False
78,sp|Q96QS3|ARX_HUMAN,235,326,91,Prediction,DEDEEEELLEDDEEELLEDDARALLKEPRRCPVAATGAVAAAAAAAVATEGGELSPKEELLLHPEDAEGKDGEDSVCLSAGSDSEEGLLKR,Q96QS3,False
79,sp|P04198|MYCN_HUMAN,8,107,99,Prediction,MPGMICKNPDLEFDSLQPCFYPDEDDFYFGGPDSTPPGEDIWKKFELLPTPPLSPSRGFAEHSSEPPSWVTEMLLENELWGSPAEEDAFGLGGLGGLTP,P04198,False
80,sp|Q96K83|ZN521_HUMAN,252,293,41,Prediction,EGFDFPEDLQKHIAECHPECSPNEDRAALQCVYCHELFVEE,Q96K83,True
81,sp|P78412|IRX6_HUMAN,223,287,64,Prediction,AEGGEEDSLGCLTADTKEVTASQEARGLRLSDLEDLEEEEEEEEEAEDEEVVATAGDRLTEFRK,P78412,True
82,sp|Q9BQA5|HINFP_HUMAN,15,162,147,Prediction,QCEWGSCSFVCSTMEKFFEHVTQHLQQHLHGSGEEEEEEEEDDPLEEEFSCLWQECGFCSLDSSADLIRHVYFHCYHTKLKQWGLQALQSQADLGPCILDFQSRNVIPDIPDHFLCLWEHCENSFDNPEWFYRHVEAHSLCCEYEAV,Q9BQA5,False
83,sp|Q9BRR0|ZKSC3_HUMAN,1,49,48,Prediction,ARELSESTALDAQSTEDQMELLVIKVEEEEAGFPSSPDLGSEGSRERF,Q9BRR0,True
84,sp|Q9BRR0|ZKSC3_HUMAN,106,147,41,Prediction,REQHPESGEEVVVLLEYLERQLDEPAPQVSGVDQGQELLCC,Q9BRR0,True
85,sp|Q03164|KMT2A_HUMAN,1876,1918,42,Prediction,LTYGDDSANDAGRLLYIGQNEWTHVNCALWSAEVFEDDDGSL,Q03164,True
86,sp|Q03164|KMT2A_HUMAN,2668,2707,39,Prediction,DDLSTSDEDDLYYYNFTRTVISSGGEERLASHNLFREEE,Q03164,True
87,sp|Q03164|KMT2A_HUMAN,2887,2933,46,Prediction,EKDMGLFEVFSQQLPTTEPVDSSVSSSISAEEQFELPLELPSDLSV,Q03164,True
88,sp|P10826|RARB_HUMAN,306,358,52,Prediction,DLVFTFANQLLPLEMDDTETGLLSAICLICGDRQDLEEPTKVDKLQEPLLEA,P10826,True
89,sp|A8MQ14|ZN850_HUMAN,1,42,41,Prediction,NMEGLVMFQDLSIDFSQEEWECLDAAQKDLYRDVMMENYSS,A8MQ14,True
90,sp|Q01826|SATB1_HUMAN,708,761,53,Prediction,NSGLEVDVAEYKEEELLKDLEESVQDKNTNTLFSVKLEEELSVEGNTDINTDL,Q01826,True
91,sp|Q9Y2K7|KDM2A_HUMAN,628,668,40,Prediction,NEETQDFEKKLMECCICNEIVHPGCLQMDGEGLLNEELPN,Q9Y2K7,True
92,sp|Q8N720|ZN655_HUMAN,17,58,41,Prediction,QSLETQSECLSPEPQFVQDTDMEQGLTGDGETREENKLLIP,Q8N720,True
93,sp|Q5VVJ2|MYSM1_HUMAN,209,255,46,Prediction,NAVKIEKLSDDEEVDITDEVDELSSQTPQKNSSSDLLLDFPNSKMH,Q5VVJ2,True
94,sp|Q96NZ1|FOXN4_HUMAN,403,460,57,Prediction,PVDFINISTDMNTEVDALDPSIMDFALQGNLWEEMKDEGFSLDTLGAFADSPLGCDL,Q96NZ1,True
95,sp|Q9BYV9|BACH2_HUMAN,128,166,38,Prediction,LQTQLLNSEDGLFVCRKDAACQRPHEDCENSAGEEEDE,Q9BYV9,True
96,sp|Q6R2W3|SCND3_HUMAN,83,220,137,Prediction,EIHTKEQILELLVLEQFLTILPEELQSWVREHNPESGEEVVTLLEDLERELDEPRQQVSQGTYGQEVSMEEMIPLDSAKESLGTQLQSMEDRMECESPEPHPLQDNGSFLWFSMMSQSMGGDNLSSLDTNEAEIEPE,Q6R2W3,False
97,sp|Q6R2W3|SCND3_HUMAN,519,574,55,Prediction,ESAFSSEAKLGLSHSQLTEELVASLHTENELDQADKELENTLRAQYEENIETGTD,Q6R2W3,True
98,sp|Q96NJ3|ZN285_HUMAN,82,122,40,Prediction,DLTVSQDYIVNLQEECSPHLEDVSLSEEWAGISLQISENE,Q96NJ3,True
99,sp|Q13127|REST_HUMAN,76,129,53,Prediction,MPVGDNNFSDSEEGEGLEESADIKGEPHGLENMELRSLELSVVEPQPVFEASG,Q13127,True
100,sp|Q7Z3V5|ZN571_HUMAN,10,52,42,Prediction,VAIDFSQEEWECLDPAQRDLYRDVMLENYSNLISLDLESSCV,Q7Z3V5,False
101,sp|O14709|ZN197_HUMAN,228,267,39,Prediction,EEWACLGPIQRALYWDVMLENYGNVTSLEWETMTENEEV,O14709,True
102,sp|Q9NQX6|ZN331_HUMAN,10,52,42,Prediction,VAIDFSQEEWACLNSAQRDLYWDVMLENYSNLVSLDLESAYE,Q9NQX6,True
103,sp|Q15788|NCOA1_HUMAN,914,952,38,Prediction,ELLCPPTTVEGRNDEKALLEQLVSFLSGKDETELAELD,Q15788,True
104,sp|Q8TEK3|DOT1L_HUMAN,121,172,51,Prediction,PEKLNNYEPFSPEVYGETSFDLVAQMIDEIKMTDDDLFVDLGSGVGQVVLQ,Q8TEK3,True
105,sp|Q9UBX2|DUX4_HUMAN,365,424,59,Prediction,SALPCGLLLDELLASPEFLQQAQPLLETEAPGELEASEEAASLEAPLSEEEYRALLEEL,Q9UBX2,False
106,sp|Q6B0B8|TIGD3_HUMAN,387,425,38,Prediction,SLEEFSRFVDLEGEEPRSGVCKEEIGTEDEKGDREGAF,Q6B0B8,True
107,sp|O15391|TYY2_HUMAN,62,132,70,Prediction,QPLFTNTGYGDHDQEMLMLQTQEEVVGYCDSDNQLGNDLEDQLALPDSIEDEHFQMTLASLSASAASTST,O15391,False
108,sp|Q9NR83|S2A4R_HUMAN,220,274,54,Prediction,IRLVHLGRQAEPEQSDGEEDFYYTELDVGVDTLTDGLSSLTPVSPTASMPPAFP,Q9NR83,True
109,sp|Q5T5D7|ZN684_HUMAN,1,41,40,Prediction,ISFQESVTFQDVAVDFTAEEWQLLDCAERTLYWDVMLENY,Q5T5D7,True
110,sp|P53539|FOSB_HUMAN,177,218,41,Prediction,ELTDRLQAETDQLEEEKAELESEIAELQKEKERLEFVLVAH,P53539,True
111,sp|Q96NB3|ZN830_HUMAN,129,169,40,Prediction,AWTTNFDKIGKEFIRATPSKPSGLSLLPDYEDEEEEEEEE,Q96NB3,True
112,sp|Q96NB3|ZN830_HUMAN,325,364,39,Prediction,DEIKNKLKEILTIKELQKKEEENADSDDEGELQDLLSQD,Q96NB3,True
113,sp|Q8WTR7|ZN473_HUMAN,0,152,152,Prediction,MAEEFVTLKDVGMDFTLGDWEQLGLEQGDTFWDTALDNCQDLFLLDPPRPNLTSHPDGSEDLEPLAGGSPEATSPDVTETKNSPLMEDFFEEGFSQEIIEMLSKDGFWNSNFGEACIEDTWLDSLLGDPESLLRSDIATNGESPTECKSHEL,Q8WTR7,False
114,sp|Q3C1V8|BSH_HUMAN,195,233,38,Prediction,TAAEARLSLPAGPFVLTEPEDEVDIGDEGELGSGPHVL,Q3C1V8,True
115,sp|Q5TGY3|AHDC1_HUMAN,220,298,78,Prediction,AATGLPPEPEPDSTDYSELADADILSELASLTCPEAQLLEAQALEPPSPEPEPQLLDPQPRFLDPQALEPLGEALELP,Q5TGY3,False
116,sp|Q14653|IRF3_HUMAN,114,155,41,Prediction,GDFSQPDTSPDTNGGGSTSDTQEDILDELLGNMVLAPLPDP,Q14653,True
117,sp|Q8N859|ZN713_HUMAN,53,146,93,Prediction,NLVALGYQLCKPEVIAQLELEEEWVIERDSLLDTHPDGENRPEIKKSTTSQNISDENQTHEMIMERLAGDSFWYSILGGLWDFDYHPEFNQEN,Q8N859,True
118,sp|Q3SY52|ZIK1_HUMAN,37,83,46,Prediction,QDEWGLLDEAQRLLYLEVMLENFALVASLGCGHGTEDEETPSDQNV,Q3SY52,False
119,sp|Q9HC44|GPBL1_HUMAN,323,417,94,Prediction,EFLKTLKDDRNGDFSENRDCDKLEDLEDNSTPEPKENGEEGCHQNGLALPVVEEGEVLSHSLEAEHRLLKAMGWQEYPENDENCLPLTEDELKE,Q9HC44,True
120,sp|Q9NQV6|PRD10_HUMAN,100,192,92,Prediction,LPVHNQVLPSIESVDGSDPLATLQTPLGRLEAKEEEDEDEDEDTEEDEEEDGEDTDLDDWEPDPPRPFDPHDLWCEECNNAHASVCPKHGPL,Q9NQV6,True
121,sp|Q9NQV6|PRD10_HUMAN,413,463,50,Prediction,LEITSENGEKSDDGTQDLLHFPTKEQFDEAEPATLNGLDQPEQTTIPIPQ,Q9NQV6,True
122,sp|Q9P243|ZFAT_HUMAN,484,554,70,Prediction,QEALVFTSSINQSFCLLEPGGDIQQEALGDQLQLVEEEFALQGVNALKEEACPGDTQLEEGRKEPEAPGE,Q9P243,True
123,sp|Q96JM3|CHAP1_HUMAN,561,615,54,Prediction,ELPKSALFSESQKAVELGDELQIDAIDDQKCDILVQEELLASPKKLLEDTLFPS,Q96JM3,True
124,sp|P01106|MYC_HUMAN,86,135,49,Prediction,DGGGGSFSTADQLEMVTELLGGDMVNQSFICDPDDETFIKNIIIQDCMW,P01106,True
125,sp|A8MZ59|LEUTX_HUMAN,137,198,61,Prediction,SQSYDIEQICLGASNPPWASTLFEIDEFVKIYDLPGEDDTSSLNQYLFPVCLEYDQLQSSV,A8MZ59,True
126,sp|Q9UC07|ZNF69_HUMAN,11,49,38,Prediction,DPGTSESQEMDPVAFDDVAVNFTQEEWALLDISQRKLY,Q9UC07,True
127,sp|P49715|CEBPA_HUMAN,44,85,41,Prediction,PPAAPEPLGGICEHETSIDISAYIDPAAFNDEFLADLFQHS,P49715,True
128,sp|P49716|CEBPD_HUMAN,47,92,45,Prediction,AAPAMYDDESAIDFSAYIDSMAAVPTLELCHDELFADLFNSNHKA,P49716,True
129,sp|Q49AM1|MTEF2_HUMAN,65,106,41,Prediction,KGWVLLEDETYVEEIANILQELGADETAVASILERCPEAIV,Q49AM1,True
130,sp|Q07869|PPARA_HUMAN,1,58,57,Prediction,VDTESPLCPLSPLEAGDLESPLSEEFLQEMGNIQEISQSIGEDSSGSFGFTEYQYLG,Q07869,True
131,sp|Q3MJ62|ZSC23_HUMAN,94,140,46,Prediction,QFLTILPEELQAWVRQHRPVSGEEAVTVLEDLERELDDPGEQVLSH,Q3MJ62,True
132,sp|Q6P9A3|ZN549_HUMAN,38,77,39,Prediction,EEWGLLDEAQRCLYHDVMLENFSLMASVGCLHGIEAEEA,Q6P9A3,True
133,sp|P35713|SOX18_HUMAN,290,334,44,Prediction,GPYPGPLSPPPEAPPLESAEPLGPAADLWADVDLTEFDQYLNCS,P35713,True
134,sp|Q8IWY8|ZSC29_HUMAN,54,102,48,Prediction,EQIVELLVLEQFLTVLPGEIQNWVQEQCPENGEEAVTLVEDLEREPGR,Q8IWY8,False
135,sp|Q8IWY8|ZSC29_HUMAN,322,361,39,Prediction,FFEEMEALMSAQVIALPSNGLEAAASHSGLVGSDAETEE,Q8IWY8,True
136,sp|Q15596|NCOA2_HUMAN,774,835,61,Prediction,PASNTKLIAMKTEKEEMSFEPGDQPGSELDNLEEILDDLQNSQLPQLFPDTRPGAPAGSVD,Q15596,False
137,sp|Q15596|NCOA2_HUMAN,1056,1128,72,Prediction,GSSPDDLLCPHPAAESPSDEGALLDQLYLALRNFDGLEEIDRALGIPELVSQSQAVDPEQFSSQDSNIMLEQ,Q15596,False
138,sp|Q9C0G0|ZN407_HUMAN,1129,1168,39,Prediction,LNENTNLDMSKVLCAADSVEVETEEESNFNEDHSFCETF,Q9C0G0,True
139,sp|Q9C0G0|ZN407_HUMAN,1287,1329,42,Prediction,GHGLEDLKGVQEDPVLGNKEILMNSQHETEFILEEDGPASDS,Q9C0G0,True
140,sp|Q8WYA1|BMAL2_HUMAN,568,636,68,Prediction,MGELEATRQNQSTVAVHSHEPLLSDGAQLDFDALCDNDDTAMAAFMNYLEAEGGLGDPGDFSDIQWTL,Q8WYA1,False
141,sp|Q8N196|SIX5_HUMAN,696,739,43,Prediction,PDPDPEGLLLGATAGGEVDEGLEAEAKVLTQLQSVPVEEPLEL,Q8N196,True
142,sp|Q9UJV8|PURG_HUMAN,212,277,65,Prediction,GHSLGQEQTIVLPAQGMIEFRDALVQLIEDYGEGDIEERRGGDDDPLELPEGTSFRVDNKRFYFD,Q9UJV8,True
143,sp|O15370|SOX12_HUMAN,148,303,155,Prediction,RAAGGPLGGGAAAPEDDDEDDDEELLEVRLVETPGRELWRMVPAGRAARGQAERAQGPSGEGAAAAAAASPTPSEDEEPEEEEEEAAAAEEGEEETVASGEESLGFLSRLPPGPAGLDCSALDRDPDLQPPSGTSHFEFPDYCTPEVTEMIAGDW,O15370,True
144,sp|Q8N141|ZFP82_HUMAN,5,48,43,Prediction,VMFSDVSIDFSPEEWEYLDLEQKDLYRDVMLENYSNLVSLGCF,Q8N141,True
145,sp|Q9BWM5|ZN416_HUMAN,39,78,39,Prediction,EEWGLLDEAQRLLYRDVMLENFALITALVCWHGMEDEET,Q9BWM5,True
146,sp|Q92782|DPF1_HUMAN,145,192,47,Prediction,ALLCAETGEKKIELKEEETIMDCQKQQLLEFPHDLEVEDLEDDIPRR,Q92782,True
147,sp|Q9HAP2|MLXIP_HUMAN,235,286,51,Prediction,HKDEDLSSLVQDDDMLYWHKHGDGWKTPVPMEEDPLLDTDMLMSEFSDTLF,Q9HAP2,True
148,sp|Q9P2Z0|THA10_HUMAN,207,251,44,Prediction,ATTQTEELWSRTSSLFDIYSSDSETDTDWDIKSEQSDLSYMAVQ,Q9P2Z0,True
149,sp|P13631|RARG_HUMAN,308,361,53,Prediction,DLVFAFAGQLLPLEMDDTETGLLSAICLICGDRMDLEEPEKVDKLQEPLLEAL,P13631,True
150,sp|P98177|FOXO4_HUMAN,461,503,42,Prediction,SQDRMPQDLDLDMYMENLECDMDNIISDLMDEGEGLDFNFEP,P98177,False
151,sp|Q15744|CEBPE_HUMAN,16,67,51,Prediction,PLEFSGGRAGPGELGDMCEHEASIDLSAYIESGEEQLLSDLFAVKPAPEAR,Q15744,True
152,sp|Q15911|ZFHX3_HUMAN,486,525,39,Prediction,EDEGCKGLFPSELDEELEDRPHEEPGAAAGSSSKKDLAL,Q15911,True
153,sp|Q15911|ZFHX3_HUMAN,1446,1505,59,Prediction,HLETSHLELSEADIQQLYGGLLANGDLLAMGDPTLAEDHTIIVEEDKEEESDLEDKQSP,Q15911,False
154,sp|Q15075|EEA1_HUMAN,112,150,38,Prediction,LEKYQGLQQQEAKPDGLVTDSSAELQSLEQQLEEAQTE,Q15075,True
155,sp|Q15714|T22D1_HUMAN,139,186,47,Prediction,DLDESHTEDLSSSEILDVSLSRATDLGEPERSSSEETLNNFQEAETP,Q15714,True
156,sp|Q9Y4E5|ZN451_HUMAN,654,712,58,Prediction,CQDEHDNEIKIKYFCGLCDLIFNVEEAFLSHYEEHHSIDYVFVSEKTETSIKTEDDFP,Q9Y4E5,True
157,sp|Q9Y4E5|ZN451_HUMAN,852,901,49,Prediction,SLDMEKGVENDLSYQNIEEEIVELPDLDYLRTMTHIVFVDFDNWSNFFG,Q9Y4E5,False
158,sp|A6NFI3|ZN316_HUMAN,141,246,105,Prediction,EDEDEDDLLTAGCQELVTFEDVAVYFSLEEWERLEADQRGLYQEVMQENYGILVSLGYPIPKPDLIFRLEQGEEPWVPDSPRPEEGDIVTGVYTGAWFWTDDIED,A6NFI3,False
159,sp|P10276|RARA_HUMAN,315,359,44,Prediction,LLPLEMDDAETGLLSAICLICGDRQDLEQPDRVDMLQEPLLEAL,P10276,True
160,sp|P54274|TERF1_HUMAN,44,97,53,Prediction,LECQVQVGAPEEEEEEEEDAGLVAEAEAVAAGWMLDFLCLSLCRAFRDGRSED,P54274,False
161,sp|P28698|MZF1_HUMAN,173,226,53,Prediction,MQESPLGLQVKEESEVTEDSDFLESGPLAATQESVPTLLPEEAQRCGTVLDQI,P28698,True
162,sp|Q9HAZ2|PRD16_HUMAN,199,241,42,Prediction,IEPGEELLVHVKEGVYPLGTVPPGLDEEPTFRCDECDELFQS,Q9HAZ2,True
163,sp|Q9HAZ2|PRD16_HUMAN,1153,1193,40,Prediction,EDEEDEEPAASLAVGFDHTRRCAEDHEGGLLALEPMPTFG,Q9HAZ2,True
164,sp|P49910|ZN165_HUMAN,81,139,58,Prediction,IHTKEQILELLVLEQFLTILPGDLQAWVHEHYPESGEEAVTILEDLERGTDEAVLQVQ,P49910,False
165,sp|Q05516|ZBT16_HUMAN,78,140,62,Prediction,TFQQILEYAYTATLQAKAEDLDDLLYAAEILEIEYLEEQCLKMLETIQASDDNDTEATMADG,Q05516,False
166,sp|Q03112|MECOM_HUMAN,179,288,109,Prediction,APGEELLLFMKSEDYPHETMAPDIHEERQYRCEDCDQLFESKAELADHQKFPCSTPHSAFSMVEEDFQQKLESENDLQEIHTIQECKECDQVFPDLQSLEKHMLSHTEE,Q03112,True
167,sp|Q03112|MECOM_HUMAN,1039,1084,45,Prediction,PRNVEERMNGSHFKDEKALVTSQNSDLLDDEEVEDEVLLDEEDED,Q03112,True
168,sp|Q6P1N0|C2D1A_HUMAN,14,64,50,Prediction,AAAARQLGLLVDLSPDGLMIPEDGANDEELEAEFLALVGGQPPALEKLKG,Q6P1N0,False
169,sp|Q6ZSZ6|TSH1_HUMAN,511,557,46,Prediction,DAEKIKEESEDSLEKFEPSTLYPYLREEDLDDSPKGGLDILKSLEN,Q6ZSZ6,False
170,sp|Q01892|SPIB_HUMAN,107,153,46,Prediction,ENFASQTLVPPAYAPYPSPVLSEEEDLPLDSPALEVSDSESDEALV,Q01892,True
171,sp|P78415|IRX3_HUMAN,242,289,47,Prediction,EGLADDDEDEEIDLENLDGAATEPELSLAGAARRDGDLGLGPISDSK,P78415,False
172,sp|Q8N9K5|ZN565_HUMAN,128,175,47,Prediction,KDIFEIGAFNWEIMESLKCSDLEGSDFRADWECEGQFERQVNEECYF,Q8N9K5,True
173,sp|Q14934|NFAC4_HUMAN,0,47,47,Prediction,MGAASCEDEELEFKLVFGEEKEAPPLGAGGLGEELDSEDAPPCCRLA,Q14934,True
174,sp|Q14934|NFAC4_HUMAN,165,207,42,Prediction,FFSPSPGSSSLSSWSFFSDASDEAALYAACDEVESELNEAAS,Q14934,True
175,sp|Q9BVI0|PHF20_HUMAN,328,379,51,Prediction,SRLSTNGTHEILDPDLVVSDLVDTDPLQDTLSSTKESEEGQLKSALEAGQV,Q9BVI0,True
176,sp|Q9BVI0|PHF20_HUMAN,603,650,47,Prediction,KVKALEEDNLSESSSESFLWSDDEYGQDVDVTTNPDEELDGDDRYDF,Q9BVI0,False
177,sp|Q9BVI0|PHF20_HUMAN,937,989,52,Prediction,WQFNLLTHVESLQDEVTHRMDSIEKELDVLESWLDYTGELEPPEPLARLPQL,Q9BVI0,False
178,sp|P10244|MYBB_HUMAN,294,354,60,Prediction,EAANLLIPAVGSSLSEALDLIESDPDAWCDLSKFDLPEEPSAEDSINNSLVQLQASHQQQ,P10244,True
179,sp|P18583|SON_HUMAN,131,182,51,Prediction,QPEESESKTKSHDDGNIDLESDSFLKFDSEPSAVALELPTRAFGPSETNES,P18583,True
180,sp|P18583|SON_HUMAN,2116,2155,39,Prediction,EDDDVIVNKPHVSDEEEEEPPFYHHPFKLSEPKPIFFNL,P18583,True
181,sp|Q7Z7L9|ZSCA2_HUMAN,100,162,62,Prediction,MLPKEIQAWLQEHRPESSEEAAALVEDLTQTLQDSDFEIQSENGENCNQDMFENESRKIFSE,Q7Z7L9,True
182,sp|Q14151|SAFB2_HUMAN,117,293,176,Prediction,ASLENLQNMGMMDMSVLDETEVANSSAPDFGEDGTDGLLDSFCDSKEYVAAQLRQLPAQPPEHAVDGEGFKNTLETSSLNFKVTPDIEESLLEPENEKILDILGETCKSEPVKEESSELEQPFAQDTSSVGPDRKLAEEEDLFDSAHPEEGDLDLASESTAHAQSSKADSLLAVVK,Q14151,True
183,sp|Q3KNS6|ZN829_HUMAN,12,77,65,Prediction,WCHPEEEERMHDELLQAVSKGPVMFRDVSIDFSQEEWECLDADQMNLYKEVMLENFSNLVSVGLS,Q3KNS6,True
184,sp|O60663|LMX1B_HUMAN,154,193,39,Prediction,EFVLKEGQLLCKGDYEKEKDLLSSVSPDESDSVKSEDED,O60663,True
185,sp|P17022|ZNF18_HUMAN,153,197,44,Prediction,VEPHLEVVPQELGLENSSSGPGELLSHIVKEESDTEAELALAAS,P17022,True
186,sp|P17022|ZNF18_HUMAN,314,366,52,Prediction,ASGEVPSQASLRGFFTEDEPGCFGEGENLPEALQNIQDEGTGEQLSPQERIS,P17022,True
187,sp|Q8NCP5|ZBT44_HUMAN,508,562,54,Prediction,LNHEASELANYFQSSDFLVPDYLNQEQEETLVQYDLGEHGFESNSSVQMPVISQ,Q8NCP5,False
188,sp|O00409|FOXN3_HUMAN,19,78,59,Prediction,SGLSQCYGGSGFSKALQEDDDLDFSLPDIRLEEGAMEDEELTNLNWLHESKNLLKSFGE,O00409,False
189,sp|Q04206|TF65_HUMAN,428,484,56,Prediction,TQAGEGTLSEALLQLQFDDEDLGALLGNSTDPAVFTDLASVDNSEFQQLLNQGIPV,Q04206,False
190,sp|Q16534|HLF_HUMAN,51,115,64,Prediction,DESNSPTVPQSAFLGPTLWDKTLPYDGDTFQLEYMDLEEFLSENGIPPSPSQHDHSPHPPGLQP,Q16534,True
191,sp|Q99941|ATF6B_HUMAN,6,91,85,Prediction,LSEIADPTRFFTDNLLSPEDWGLQNSTLYSGLDEVAEEQTQLFRCPEQDVPFDGSSLDVGMDVSPSEPPWELLPIFPDLQVKSEP,Q99941,True
192,sp|Q03933|HSF2_HUMAN,333,397,64,Prediction,SLTSEDPVTMMDSILNDNINLLGKVELLDYLDSIDCSLEDFQAMLSGRQFSIDPDLLVDLFTSS,Q03933,True
193,sp|Q03933|HSF2_HUMAN,471,522,51,Prediction,EVLSSVDKPIEVDELLDSSLDPEPTQSKLVRLEPLTEAEASEATLFYLCEL,Q03933,True
194,sp|P78413|IRX4_HUMAN,228,297,69,Prediction,GGEEEAREEPLKSSKNAEPVGKEEKELELSDLDDFDPLEAEPPACELKPPFHSLDGGLERVPAAPDGPV,P78413,False
195,sp|Q7Z570|Z804A_HUMAN,879,917,38,Prediction,SFHPNNLLPSETNGETEHLEMETTSGELSDVSNDPTTS,Q7Z570,True
196,sp|Q68DY9|ZN772_HUMAN,7,124,117,Prediction,GPAQVPMNSEVIVDPIQGQVNFEDVFVYFSQEEWVLLDEAQRLLYRDVMLENFALMASLGHTSFMSHIVASLVMGSEPWVPDWVDMTLAVATETPGGSDPGCWHGMEDEEIPFEQSF,Q68DY9,True
197,sp|O43298|ZBT43_HUMAN,147,195,48,Prediction,YNGLVESFELGSGGHTDFPKAQELRDGENEEESTKDELSSQLTEHEYL,O43298,True
198,sp|Q8WYP5|ELYS_HUMAN,150,205,55,Prediction,WLFGVAAVVTDVGQILLVDLCLDDLSCNQNEVEASDLEVLTGIPAEVPHIRESVM,Q8WYP5,True
199,sp|Q8WYP5|ELYS_HUMAN,1477,1624,147,Prediction,LNQEVALNLKEDHEVEVGVLKESVDLPEEKLPISDSPPDTQEIHVIEQEKLEAQDSGEEARNLSFNELYPSGTLKLQYNFDTIDQQFCDLADNKDTAECDIAEVDGELFVAQSNFTLILEGEEGEVEPGDFASSDVLPKAANTATEE,Q8WYP5,True
200,sp|Q8NBB4|ZSCA1_HUMAN,104,150,46,Prediction,SCREAASLVEDLTQMCQQEVLVSLDSVEPQDWSFGEEEDGKSPRSQ,Q8NBB4,True
201,sp|Q8TF45|ZN418_HUMAN,16,55,39,Prediction,EEWSLLSEVQRCLYHDVMLENWVLISSLGCWCGSEDEEA,Q8TF45,True
202,sp|Q96MM3|ZFP42_HUMAN,54,104,50,Prediction,CYEPGPQALGGDDFSDCYIECVIRGEFSQPILEEDSLFESLEYLKKGSEQ,Q96MM3,False
203,sp|Q5VV52|ZN691_HUMAN,8,52,44,Prediction,SAEMSLFLQGPEEMLPLSSEGSEMGSEKEQSPEPHLPEEGEGGK,Q5VV52,True
204,sp|Q13398|ZN211_HUMAN,26,86,60,Prediction,DPASGSVTFEDVAVYFSWEEWDLLDEAQKHLYFDVMLENFALTSSLGCWCGVEHEETPSE,Q13398,False
205,sp|Q96SF7|TBX15_HUMAN,32,73,41,Prediction,RDWEEKGLDLSMEALSPAGPLGDTEDAAAHGLEPHPDSEQS,Q96SF7,True
206,sp|Q6ZS27|ZN662_HUMAN,93,131,38,Prediction,DFILKEEIIEEAQDLMVLSSGPQWCGSQELWFGKTCEE,Q6ZS27,True
207,sp|Q96S65|CSRN1_HUMAN,145,184,39,Prediction,EEKLEMLQWKLSAAGVPQAEAGLPPVVDAIDDASVEEDL,Q96S65,True
208,sp|Q96S65|CSRN1_HUMAN,368,445,77,Prediction,PDCPTHPGLPGPGFQPGVDDDSLARILSFSDSDFGGEEEEEEEGSVGNLDNLSCFHPADIFGTSDPGGLASWTHSYS,Q96S65,False
209,sp|Q96S65|CSRN1_HUMAN,538,589,51,Prediction,LPGLSPPGDASSCFLESLMGFSEPAAEALDPFIDSQFEDTVPASLMEPVPV,Q96S65,True
210,sp|O00716|E2F3_HUMAN,404,465,61,Prediction,NLLQQTEDQIPSNLEGPFVNLLPPLLQEDYLLSLGEEEGISDLFDAYDLEKLPLVEDFMCS,O00716,False
211,sp|Q6PG37|ZN790_HUMAN,9,47,38,Prediction,VAVDFSQEEWECLDLEQRDLYRDVMLENYSNMVSLGFC,Q6PG37,True
212,sp|Q9Y222|DMTF1_HUMAN,331,380,49,Prediction,KQSGGTEWTKEDEINLILRIAELDVADENDINWDLLAEGWSSVRSPQWL,Q9Y222,True
213,sp|Q9UL49|TCFL5_HUMAN,19,75,56,Prediction,AAVEGAGGGDAALGEPGLSFTTTDLSLVEMTEVEYTQLQHILCSHMEAAADGELET,Q9UL49,True
214,sp|Q68EA5|ZNF57_HUMAN,7,45,38,Prediction,DVAVDFTLEEWALLDSAQRDLYRDVMLETFRNLASVDD,Q68EA5,True
215,sp|P18848|ATF4_HUMAN,0,141,141,Prediction,MTEMSFLSSEVLVGDLMSPFDQSGLGAEESLGLLDDYLEVAKHFKPHGFSSDKAKAGSSEWLAVDGLVSPSNNSKEDAFSGTDWMLEKMDLKEFDLDALLGIDDLETMPDDLLTTLDDTCDLFAPLVQETNKQPPQTVNPI,P18848,False
216,sp|P36402|TCF7_HUMAN,13,61,48,Prediction,GDDLGAPDELLAFQDEGEEQDDKSRDSAAGPERDLAELKSSLVNESEG,P36402,True
217,sp|Q86YF9|DZIP1_HUMAN,765,808,43,Prediction,GTNVPEMFIKKEELQELKCADVEDEDWDISSLEEEISLGKKSG,Q86YF9,True
218,sp|Q96DT7|ZBT10_HUMAN,57,106,49,Prediction,PNGRGADEEVELEGLEPQDLEASAGPAAGAAEEAKELLLPQDAGGPTSL,Q96DT7,True
219,sp|Q96DT7|ZBT10_HUMAN,149,201,52,Prediction,LRHFNGRGPATVDLELDALEGKELMQDGASLSDSTEDEEEGASLGDGSGAEG,Q96DT7,True
220,sp|Q96DT7|ZBT10_HUMAN,588,634,46,Prediction,PPNNETNLEDCSVMQPPVAYPEENTLLIKEEPDLDGALLSGPDGDR,Q96DT7,True
221,sp|Q9H2P0|ADNP_HUMAN,731,772,41,Prediction,LDDDSDSPSFFEEKPEEPVVLALDPKGHEDDSYEARKSFLT,Q9H2P0,True
222,sp|Q9H2P0|ADNP_HUMAN,859,904,45,Prediction,KTADKKLNLGKEDDSSSDSFENLEEESNESGSPFDPVFEVEPKIS,Q9H2P0,True
223,sp|P48378|RFX2_HUMAN,653,701,48,Prediction,EHRVAEATGETPIAVMGEFNDLASLSLTLLDKDDMGDEQRGSEAGPDA,P48378,True
224,sp|Q9UFB7|ZBT47_HUMAN,182,226,44,Prediction,GPAQPFFKEEKEGGVEEAGGPPASLCKLEGGEELEEELGGSGTY,Q9UFB7,True
225,sp|Q3SYB3|FX4L6_HUMAN,26,75,49,Prediction,IDVLGEEEDEDEVEDEEEAASQQFLEQSLQPGLQVARWGGVALPREHIE,Q3SYB3,True
226,sp|Q99814|EPAS1_HUMAN,68,116,48,Prediction,LLSSVCSENESEAEADQQMDNLYLKALEGFIAVVTQDGDMIFLSENIS,Q99814,True
227,sp|Q99814|EPAS1_HUMAN,485,561,76,Prediction,EDYYTSLDNDLKIEVIEKLFAMDTEAKDQCSTQTDFNELDLETLAPYIPMDGEDFQLSPICPEERLLAENPQSTPQ,Q99814,True
228,sp|Q9Y5W3|KLF2_HUMAN,25,71,46,Prediction,RWPRAEPESGGTDDDLNSVLDFILSMGLDGLGAEAAPEPPPPPPPP,Q9Y5W3,True
229,sp|Q9UID6|ZN639_HUMAN,277,344,67,Prediction,HIADTHFSDHLYWCEQCDVQFSSSSELYLHFQEHSCDEQYLCQFCEHETNDPEDLHSHVVNEHACKL,Q9UID6,False
230,sp|Q96SZ4|ZSC10_HUMAN,160,199,39,Prediction,QALQESSPQGPSPWPEESSRDQELAAVLECLTFEDVPEN,Q96SZ4,True
231,sp|Q8NA19|LMBL4_HUMAN,214,254,40,Prediction,ADIVEDRLLVHFDNWDDSYDYWCDVNSPYVQPVGWCQENG,Q8NA19,True
232,sp|Q6N021|TET2_HUMAN,1819,1857,38,Prediction,SDANGQEKQPLALVQGVASGAEDNDEVWSDSEQSFLDP,Q6N021,True
233,sp|Q00613|HSF1_HUMAN,470,521,51,Prediction,QPLFLLDPGSVDTGSNDLPVLFELGEGSYFSEGDGFAEDPTISLLTGSEPP,Q00613,False
234,sp|A8MYZ6|FOXO6_HUMAN,229,279,50,Prediction,WAASPASHASDDYEAWADFRGGGRPLLGEAAELEDDEALEALAPSSPLMY,A8MYZ6,True
235,sp|A8MYZ6|FOXO6_HUMAN,421,487,66,Prediction,AAGPLGAAPDRFPADLDLDMFSGSLECDVESIILNDFMDSDEMDFNFDSALPPPPPGLAGAPPPNQ,A8MYZ6,False
236,sp|Q9H5H4|ZN768_HUMAN,48,88,40,Prediction,YEVEEIPFGLEPQSPGFEPQSPEFEPQSPRFEPESPGFES,Q9H5H4,True
237,sp|Q15776|ZKSC8_HUMAN,13,137,124,Prediction,PDQTPEEDLVIVKVEEDHGWDQESSLHESNPLGQEVFRLRFRQLRYQETLGPREALIQLRALCHQWLRPDLNTKEQILELLVLEQFLTILPEELQTLVKEHQLENGEEVVTLLEDLERQIDILG,Q15776,False
238,sp|P01100|FOS_HUMAN,202,252,50,Prediction,ACKIPDDLGFPEEMSVASLDLTGGLPEVATPESEEAFTLPLLNDPEPKPS,P01100,False
239,sp|Q96LU7|MRFL_HUMAN,1,46,45,Prediction,DVVGENEALQQFFEAQGANGTLENPALDTSLLEEFLGNDFDLGAL,Q96LU7,False
240,sp|Q96E29|MTEF3_HUMAN,90,149,59,Prediction,MNEQSQKTQNISSFDSELFLEELDELPPLSPMQPISEEEAIQIIADPPLPPASFTLRDY,Q96E29,True
241,sp|B1APH4|ZN487_HUMAN,80,134,54,Prediction,TKPEVVCKLEHGQVLWILEEESPSQSHLDCCIDDDLMEKRQENQDQHLQKVDFV,B1APH4,True
242,sp|Q99459|CDC5L_HUMAN,476,518,42,Prediction,RLGLLGLPAPKNDFEIVLPENAEKELEEREIDDTYIEDAADV,Q99459,True
243,sp|Q9BS31|ZN649_HUMAN,54,93,39,Prediction,DALTKLEQGEPLWTLEDEIHSPAHPEIEKADDHLQQPLQ,Q9BS31,True
244,sp|O95125|ZN202_HUMAN,0,49,49,Prediction,MATAVEPEDQDLWEEEGILMVKLEDDFTCRPESVLQRDDPVLETSHQNF,O95125,True
245,sp|O95125|ZN202_HUMAN,193,368,175,Prediction,QEEELQTLQESEVPVPEDPDLPAERSSGDSEMVALLTALSQGLVTFKDVAVCFSQDQWSDLDPTQKEFYGEYVLEEDCGIVVSLSFPIPRPDEISQVREEEPWVPDIQEPQETQEPEILSFTYTGDRSKDEEECLEQEDLSLEDIHRPVLGEPEIHQTPDWEIVFEDNPGRLNER,O95125,True
246,sp|O75461|E2F6_HUMAN,136,192,56,Prediction,VPQQKKLQEELSDLSAMEDALDELIKDCAQQLFELTDDKENERLAYVTYQDIHSIQ,O75461,False
247,sp|Q5MCW4|ZN569_HUMAN,55,93,38,Prediction,VIFKLEQEEEPWVMEEEVLRRHWQGEIWGVDEHQKNQD,Q5MCW4,True
248,sp|P51815|ZN75D_HUMAN,228,276,48,Prediction,PESLSLLTFEDVAVYFSEEEWQLLNPLEKTLYNDVMQDIYETVISLGL,P51815,True
249,sp|P10070|GLI2_HUMAN,404,445,41,Prediction,CALPLSQEQLADLKEDLDRDDCKQEAEVVIYETNCHWEDCT,P10070,True
250,sp|Q9UJL9|ZF69B_HUMAN,48,88,40,Prediction,ADETQGESLESRVTLGSLTAESQELLTFKDVSVDFTQEEW,Q9UJL9,True
251,sp|P10914|IRF1_HUMAN,208,264,56,Prediction,LYNFQVSPMPSTSEATTDEDEEGKLPEDIMKLLEQSEWQPTNVDGKGYLLNEPGVQ,P10914,True
252,sp|O15353|FOXN1_HUMAN,130,194,64,Prediction,HEDVFPEAETTLALKGHSFKTPGPLEAFEEIPVDVAEAEAFLPGFSAEAWCNGLPYPSQEHGPQ,O15353,True
253,sp|O15353|FOXN1_HUMAN,513,562,49,Prediction,TMHDTLLPDGDLGTDLDAINPSLTDFDFQGNLWEQLKDDSLALDPLVLV,O15353,False
254,sp|P98169|ZXDB_HUMAN,85,128,43,Prediction,GGGGDDFFLVLLDPVGGDVETAGSGQAAGPVLREEAEEGPGLQ,P98169,True
255,sp|Q8NCY6|MSD4_HUMAN,91,196,105,Prediction,VGSGFPLPSSDLDDSLTEEIDEKIGFRNDANFDWQNVADFRDAGGSLTEVKVEEEERDPQSPEFEIEEEEEMLSSVIPDSRRENELPDFPHIDEFFTLNSTPSRS,Q8NCY6,True
256,sp|Q8N7M2|ZN283_HUMAN,67,121,54,Prediction,MTDGLVTFRDVAIDFSQEEWECLDPAQRDLYVDVMLENYSNLVSLDLESKTYET,Q8N7M2,False
257,sp|Q01094|E2F1_HUMAN,369,437,68,Prediction,DEDRLSPLVAADSLLEHVREDFSGLLPEEFISLSPPHEALDYHFGLEEGEGIRDLFDCDFGDLTPLDF,Q01094,False
258,sp|O95625|ZBT11_HUMAN,118,172,54,Prediction,CQEKLDRSRPISDVSEMLEELGLDLESGEESNESEDDLSNFTSSPTTASKPAKK,O95625,True
259,sp|Q86WP2|GPBP1_HUMAN,371,427,56,Prediction,FPQTDVLSSSLEAEHRLLKEMGWQEDSENDETCAPLTEDEMREFQVISEQLQKNGL,Q86WP2,True
260,sp|Q13342|SP140_HUMAN,352,394,42,Prediction,VSCLSAETFDLKTPQVTNEGEPEKELSLLPGEGEEGSDDCSE,Q13342,True
261,sp|Q5SXM2|SNPC4_HUMAN,69,108,39,Prediction,DEDDPKDKTLPEDPETCLQLNMVYQEVIQEKLAEANLLL,Q5SXM2,True
262,sp|Q494X3|ZN404_HUMAN,8,52,44,Prediction,SDVAIDFSQEEWEYLNSDQRDLYRDVMLENYTNLVSLDFNFTTE,Q494X3,True
263,sp|Q147U1|ZN846_HUMAN,1,40,39,Prediction,DSSQHLVTFEDVAVDFTQEEWTLLDQAQRDLYRDVMLEN,Q147U1,True
264,sp|Q8N1W2|ZN710_HUMAN,26,65,39,Prediction,LVSENELFGATISAEAFYPDLGPELSGAAMGEPEPPGPD,Q8N1W2,True
265,sp|Q8N1W2|ZN710_HUMAN,196,256,60,Prediction,DGFPEPSMALPGPEALPTECGFEPPHLAPLSDPEAPSMESPEPVKPEQGFVWQEASEFEA,Q8N1W2,True
266,sp|Q14929|ZN169_HUMAN,62,102,40,Prediction,IEQLEQGDEPWREENEHLLDLCPEPRTEFQPSFPHLVAFS,Q14929,True
267,sp|Q49AG3|ZBED5_HUMAN,301,340,39,Prediction,EEDLLLCESLQSNATGEEIFNCINSFMQKHEIEWEKCVD,Q49AG3,True
268,sp|Q49AG3|ZBED5_HUMAN,511,551,40,Prediction,LEFWASSVEEENFDCFPTLSDFLTEINSTVDKDICSAIVQ,Q49AG3,True
269,sp|Q8IX15|HOMEZ_HUMAN,482,527,45,Prediction,QLSQASRLSTQQVLDWFDSRLPQPAEVVVCLDEEEEEEEEELPED,Q8IX15,False
270,sp|O95365|ZBT7A_HUMAN,282,321,39,Prediction,LSEAAPEPGDSPGFLSGAAEGEDGDGPDVDGLAASTLLQ,O95365,True
271,sp|Q96JM7|LMBL3_HUMAN,709,749,40,Prediction,TDEVSEFIQSLPGCEEHGKVFKDEQIDGEAFLLMTQTDIV,Q96JM7,True
272,sp|Q9BYE7|PCGF6_HUMAN,52,136,84,Prediction,APGCSGSRPPELEPERSLGRFRGRFEDEDEELEEEEELEEEEEEEEEDMSHFSLRLEGGRQDSEDEEERLINLSELTPYILCSI,Q9BYE7,False
273,sp|Q96PN7|TREF1_HUMAN,1143,1200,57,Prediction,LLPLDQLSLIKPIKDVDILDDDVVQQLGGVMEEAEVVDTDLLLDDQDSVLLQGDAEL,Q96PN7,False
274,sp|Q9BT81|SOX7_HUMAN,305,346,41,Prediction,PPEHPGFDALDQLSQVELLGDMDRNEFDQYLNTPGHPDSAT,Q9BT81,True
275,sp|O60678|ANM3_HUMAN,13,162,149,Prediction,AVENEEDLPELSDSGDEAAWEDEDDADLPHGKQQTPCLFCNRLFTSAEETFSHCKSEHQFNIDSMVHKHGLEFYGYIKLINFIRLKNPTVEYMNSIYNPVPWEKEEYLKPVLEDDLLLQFDVEDLYEPVSVPFSYPNGLSENTSVVEKL,O60678,False
276,sp|O43151|TET3_HUMAN,1466,1537,71,Prediction,LWDPFSLEEGPAEEPPSKGAVKEEKGGGGAEEEEEELWSDSEHNFLDENIGGVAVAPAHGSILIECARREL,O43151,True
277,sp|Q9NRM2|ZN277_HUMAN,252,330,78,Prediction,PKNREYDRFYVINYLELGKSWEEVQLEDDRELLDHQEDDWSDWEEHPASAVCLFCEKQAETIEKLYVHMEDAHEFDLL,Q9NRM2,False
278,sp|Q9NRM2|ZN277_HUMAN,385,439,54,Prediction,PDRKTWDQLEYYFPTYENDTLLCTLSDSESDLTAQEQNENVPIISEDTSKLYAL,Q9NRM2,False
279,sp|O15060|ZBT39_HUMAN,266,320,54,Prediction,VDITTGTNSCLSNSEHSKDPGFGQMDELQLEDLGDDDLQFEDPAEDIGTTEEVI,O15060,False
280,sp|P52742|ZN135_HUMAN,103,142,39,Prediction,EEISNSVILVERFLWDGLWYCRGEDTEGHWEWSCESLES,P52742,True
281,sp|Q9Y4A0|JERKL_HUMAN,142,183,41,Prediction,ERLNGDETAVEDFCNNFRDFIERENLQPEQIYNADETGLFW,Q9Y4A0,True
282,sp|Q9Y4A0|JERKL_HUMAN,453,503,50,Prediction,QGQADESSENEEEEIELIPEKHINHAAALQWTENLLDYLEQQGDMILPDR,Q9Y4A0,True
283,sp|Q9H4T2|ZSC16_HUMAN,87,125,38,Prediction,QFLSILPKDLQAWVRAHHPETGEEAVTVLEDLERELDE,Q9H4T2,True
284,sp|Q9BUY5|ZN426_HUMAN,21,75,54,Prediction,EKTPAGRIVADCLTDCYQDSVTFDDVAVDFTQEEWTLLDSTQRSLYSDVMLENY,Q9BUY5,True
285,sp|Q9NS37|ZHANG_HUMAN,72,155,83,Prediction,VAVRAPSPEEMEEEAIASLPGEETEDMDFLSGLELADLLDPRQPDWHLDPGLSSPGPLSSSGGGSDSGGLWRGDDDDEAAAAE,Q9NS37,False
286,sp|Q15554|TERF2_HUMAN,146,195,49,Prediction,QCLSRIEEGENLDCSFDMEAELTPLESAINVLEMIKTEFTLTEAVVESS,Q15554,True
287,sp|Q8NI51|CTCFL_HUMAN,41,101,60,Prediction,RSPSELEAERTSGAFQDSVLEEEVELVLAPSEESEKYILTLQTVHFTSEAVELQDMSLLS,Q8NI51,True
288,sp|Q8NI51|CTCFL_HUMAN,146,229,83,Prediction,EMEVLQFHALEENVMVASEDSKLAVSLAETTGLIKLEEEQEKNQLLAERTKEQLFFVETMSGDERSDEIVLTVSNSNVEEQED,Q8NI51,True
289,sp|Q96MW7|TIGD1_HUMAN,410,495,85,Prediction,IDDYEGFKTSVEEVSADVVEIAKELELEVEPEDVTELLQSHDKTLTDEELFLMDAQRKWFLEMESTPGEDAVNIVEMTTKDLEYY,Q96MW7,False
290,sp|Q96JM2|ZN462_HUMAN,387,427,40,Prediction,SDEELNEIDSENGLSAMDHQTSGLSAEQLMGSDGNKLLET,Q96JM2,True
291,sp|Q86TJ5|ZN554_HUMAN,25,78,53,Prediction,FSQEERMAAGYLPRWSQELVTFEDVSMDFSQEEWELLEPAQKNLYREVMLENY,Q86TJ5,True
292,sp|Q9P0U4|CXXC1_HUMAN,261,321,60,Prediction,ASSTVKEPPEATATPEPLSDEDLPLDPDLYQDFCAGAFDDHGLPWMSDTEESPFLDPALR,Q9P0U4,False
293,sp|P51814|ZNF41_HUMAN,149,199,50,Prediction,QGIPGGIFFHCERFDQPIGEDSLCSILEELWQDNDQLEQRQENQNNLLSH,P51814,True
294,sp|Q8NEK5|ZN548_HUMAN,19,58,39,Prediction,EEWGHLDEAQRLLYRDVMLENLALLSSLGSWHGAEDEEA,Q8NEK5,True
295,sp|Q12830|BPTF_HUMAN,398,437,39,Prediction,LGDLLCCETCSAVYHLECVKPPLEEVPEDEWQCEVCVAH,Q12830,True
296,sp|Q12830|BPTF_HUMAN,476,540,64,Prediction,LIIEEDTENENEKKIWYYSTKVQLAELIDCLDKDYWEAELCKILEEMREEIHRHMDITEDLTNK,Q12830,True
297,sp|Q6EKJ0|GTD2B_HUMAN,544,582,38,Prediction,VAYSIAIDEITDINNTTQLAIFIRGVDENFDVSEELLD,Q6EKJ0,True
298,sp|Q13469|NFAC2_HUMAN,27,66,39,Prediction,LDFSILFDYEYLNPNEEEPNAHKVASPPSGPAYPDDVLD,Q13469,True
299,sp|P11473|VDR_HUMAN,186,239,53,Prediction,SDHCITSSDMMDSSSFSNLDLSEEDSDDPSVTLELSQLSMLPHLADLVSYSIQ,P11473,False
300,sp|P32314|FOXN2_HUMAN,53,92,39,Prediction,DELTNLNWLHESTNLLTNFSLGSEGLPIVSPLYDIEGDD,P32314,True
301,sp|Q9ULJ3|ZBT21_HUMAN,495,546,51,Prediction,KLKVNEHGSPVSEDNFEEGSSPTLLDADFPDSDLNKDEFGELEGTRPNKKF,Q9ULJ3,False
302,sp|Q9ULJ3|ZBT21_HUMAN,842,885,43,Prediction,DDNVFSDSSEQVNFDSEDSSCLPEDLSLSKQLKIQVKEEPVEE,Q9ULJ3,True
303,sp|Q9UJW8|ZN180_HUMAN,10,54,44,Prediction,AGSGAQDLSTLLCLEESMEEQDEKPPEPPKACAQDSFLPQEIII,Q9UJW8,True
304,sp|P31629|ZEP2_HUMAN,250,288,38,Prediction,TESAVSKLDLEAGFIDVEAEIHSDGEQSTDTDEESSLF,P31629,True
305,sp|Q16665|HIF1A_HUMAN,71,115,44,Prediction,LLDAGDLDIEDDMKAQMNCFYLKALDGFVMVLTDDGDMIYISDN,Q16665,True
306,sp|Q16665|HIF1A_HUMAN,389,450,61,Prediction,LKKEPDALTLLAPAAGDTIISLDFGSNDTETDDQQLEEVPLYNDVMLPSPNEKLQNINLAM,Q16665,True
307,sp|Q16665|HIF1A_HUMAN,507,594,87,Prediction,QSSPEPNSPSEYCFYVDSDMVNEFKLELVEKLFAEDTEAKNPFSTQDTDLDLEMLAPYIPMDDDFQLRSFDQLSPLESSSASPESAS,Q16665,False
308,sp|O43524|FOXO3_HUMAN,598,652,54,Prediction,LPVMGHEKFPSDLDLDMFNGSLECDMESIIRSELMDADGLDFNFDSLISTQNVV,O43524,False
309,sp|Q7Z353|HDX_HUMAN,635,690,55,Prediction,LILAMKADDKEQQQALLSDLPPELEEMDFNHASLEPDDTSFSVSSLSEKNVSESL,Q7Z353,True
310,sp|O95785|WIZ_HUMAN,173,283,110,Prediction,VEDTPKTLDMAVVGGREDLEDLEGLAQPSEWGLPTSASEVATQTWTVNSEASVERLQPLLPPIRTGPYLCELLEEVAEGVASPDEDEDEEPAVFPCIECSIYFKQKEHLL,O95785,False
311,sp|O95785|WIZ_HUMAN,557,611,54,Prediction,LGERRRPWSEEEEEEEEEEDVVLTSEMDFSPENGVFSPLATPSLIPQAALELKQ,O95785,True
312,sp|Q9Y330|ZBT12_HUMAN,163,215,52,Prediction,PKPPPPPPLPPPLLRPVKLEFPLDEDLELKAEEEDEDEDEDVSDICIVKVES,Q9Y330,False
313,sp|Q3ZCX4|ZN568_HUMAN,24,136,112,Prediction,KAWCSQESALSEEEEDTTRPLETVTFKDVAVDLTQEEWEQMKPAQRNLYRDVMLENYSNLVTVGCQVTKPDVIFKLEQEEEPWVMEEEMFGRHCPEVWEVDEQIKKQQETLV,Q3ZCX4,True
314,sp|Q5VV16|FX4L5_HUMAN,26,75,49,Prediction,IDVLGEEEDEDEVEDEEEEARQQFLEQSLQPGLQVARWGGVALPREHIE,Q5VV16,True
315,sp|Q96MX3|ZNF48_HUMAN,37,85,48,Prediction,NEFEHTPQEDDLGFKEEDLAPDHEVGNASLKPEGIQNWDDLWVQREGL,Q96MX3,True
316,sp|Q9C0A1|ZFHX2_HUMAN,78,135,57,Prediction,GPDCGHFPPNDPGVEKDKEQEEEEEGLPPMDLSNHLFFTAGGEAYLVAKLSLPGGSE,Q9C0A1,True
317,sp|Q7Z340|ZN551_HUMAN,22,79,57,Prediction,RDSAQGMTFEDVAIYFSQEEWELLDESQRFLYCDVMLENFAHVTSLGYCHGMENEAI,Q7Z340,False
318,sp|Q03701|CEBPZ_HUMAN,7,92,85,Prediction,LEFHAKRPWRPEEAVEDPDEEDEDNTSEAENGFSLEEVLRLGGTKQDYLMLATLDENEEVIDGGKKGAIDDLQQGELEAFIQNLN,Q03701,False
319,sp|Q03701|CEBPZ_HUMAN,602,644,42,Prediction,CGALYLVSEILKAKPGLRSQLDDHPESDDEENFIDANDDEDM,Q03701,True
320,sp|Q15329|E2F5_HUMAN,295,343,48,Prediction,GSISGDIIDELMSSDVFPLLRLSPTPADDYNFNLDDNEGVCDLFDVQI,Q15329,False
321,sp|Q96AP4|ZUP1_HUMAN,179,245,66,Prediction,LLDIPLEDCDQPLYDCPMCGLICTNYHILQEHVDLHLEENSFQQGMDRVQCSGDLQLAHQLQQEED,Q96AP4,False
322,sp|O14545|TRAD1_HUMAN,231,308,77,Prediction,EGGEESANLDFMLALSLQNEGQASSVAEQDFWRAVCEADQSHGGPRSLSDIKGAADEIMLPCEFCEELYPEELLIDH,O14545,True
323,sp|O14545|TRAD1_HUMAN,348,391,43,Prediction,QLDSLMGLSNSHPVEESIIIPCEFCGVQLEEEVLFHHQDQCDQ,O14545,True
324,sp|Q13129|RLF_HUMAN,403,520,117,Prediction,EDLEVRRACQLTEFLIEPSLDGFNMLEELYLQPDQKFDEENAPVPNSLRCELLLALKAHWPFDPEFWDWKTLKRHCHQLLGQEASDSDDDLSGYEMSINDTDVLESFLSDYDEGKED,Q13129,False
325,sp|Q13129|RLF_HUMAN,1757,1814,57,Prediction,SFDLKTYKPMGFESSFLKFIQESEEKEDDFDDWEPSEHLTLSNSSQSSNDLTGNVVA,Q13129,True
326,sp|Q8TEY5|CR3L4_HUMAN,1,40,39,Prediction,DLGIPDLLDAWLEPPEDIFSTGSVLELGLHCPPPEVPVT,Q8TEY5,True
327,sp|P36956|SRBP1_HUMAN,1,60,59,Prediction,DEPPFSEAALEQALGEPCDLDAALLTDIEDMLQLINNQDSDFPGLFDPPYAGSGAGGTD,P36956,False
328,sp|P15918|RAG1_HUMAN,562,604,42,Prediction,DSALVSALMDMEEDILEGMRSQDLDDYLNGPFTVVVKESCDG,P15918,True
329,sp|Q2KHR2|RFX7_HUMAN,749,814,65,Prediction,IQAHSSDQLPLQSELKEFEPSVSQTNESYFPFDDELTQDSIVEELVLMEQQMSMNNSHSYGNCLG,Q2KHR2,False
330,sp|Q2KHR2|RFX7_HUMAN,1290,1356,66,Prediction,SELSGSINDLNTLDPNLLFDPGRQQGQDDEATLEELKNDPLFQQICSESMNSMTSSGFEWIESKDH,Q2KHR2,True
331,sp|Q9Y2K1|ZBTB1_HUMAN,473,514,41,Prediction,QDLTMNGLGNTEEKMDLEENPDEQSEIRDMFVEMLDDFRDN,Q9Y2K1,True
332,sp|Q96KN3|PKNX2_HUMAN,95,136,41,Prediction,GSECITSASFDVDIENFVHQQEQEHKPFFSDDPELDNLMVK,Q96KN3,True
333,sp|Q9BZI1|IRX2_HUMAN,258,301,43,Prediction,KYDDLEDDEDDDEEGERGLAPPKPVTSSPLTGLEAPLLSPPPE,Q9BZI1,True
334,sp|P51692|STA5B_HUMAN,743,786,43,Prediction,PQNPDSVLDTDGDFDLEDTMDVARRVEELLGRPMDSQWIPHAQ,P51692,True
335,sp|Q9NR48|ASH1L_HUMAN,907,951,44,Prediction,LSVAPFVATESPSKLESESDNHRSSSDFFESEDQLQDPDDLDDS,Q9NR48,True
336,sp|Q9NR48|ASH1L_HUMAN,2844,2889,45,Prediction,ERSKPPLKDLGQEDDALPLIEEVLASQEQAANEIPSLEEPEREGA,Q9NR48,True
337,sp|P20823|HNF1A_HUMAN,51,114,63,Prediction,GGRGELAELPNGLGETRGSEDETDDDGEDFTPPILKELENLSPEEAAHQKAVVETLLQEDPWR,P20823,True
338,sp|Q9H175|CSRN2_HUMAN,136,186,50,Prediction,KLTKNGTVESVEADGLTLDDVSDEDIDVENVEVDDYFFLQPLPTKRRRAL,Q9H175,False
339,sp|Q9H175|CSRN2_HUMAN,301,378,77,Prediction,LTGAQGSETQDFQEFIAENETAVMHLQSAEELERLKAEEDSSGSSASLDSSIESLGVCILEEPLAVPEELCPGLTAP,Q9H175,True
340,sp|Q9H175|CSRN2_HUMAN,464,522,58,Prediction,TDPAALCKSEVGKTPTLEALLPEDCNPEEPENEDFHPSWSPSSLPFRTDNEEGCGMVK,Q9H175,True
341,sp|Q6NUN9|ZN746_HUMAN,190,234,44,Prediction,EGELQLQEQQALGVEAWAAGQPDIGEEPWGLSQLDSGAGDISTD,Q6NUN9,True
342,sp|Q9NQX1|PRDM5_HUMAN,84,133,49,Prediction,VHEAPSQEQKNLAAIQEGENIFYLAVEDIETDTELLIGYLDSDMEAEEE,Q9NQX1,False
343,sp|Q9H8Y5|ANKZ1_HUMAN,105,151,46,Prediction,DKPLLSALDFEKQSSTGDLSSISGSEDSDSASEEDLQTLDRERATF,Q9H8Y5,True
344,sp|Q9H8Y5|ANKZ1_HUMAN,386,435,49,Prediction,DEKEALGQNEESPKQGSGSEGEDGFQVELELVELTVGTLDLCESEVLPK,Q9H8Y5,True
345,sp|Q9NX65|ZSC32_HUMAN,70,116,46,Prediction,HSKEEILELLVLEQFLTILPEEIQTWVREQHPENGEEAVALVEDVQ,Q9NX65,True
346,sp|Q92754|AP2C_HUMAN,146,193,47,Prediction,DLLLPHAHALDAAGLAENLGLHDMPHQMDEVQNVDDQHLLLHDQTVI,Q92754,True
347,sp|Q96JG9|ZN469_HUMAN,817,870,53,Prediction,PSLAATPFPLPASDLDMEDDAKLDSLITEALNGMEYQSDNPEIDSSFIDVFAD,Q96JG9,True
348,sp|Q96JG9|ZN469_HUMAN,2861,2933,72,Prediction,PTQPSFEEGGDPTLGPARLPTDLSDSSSLCLCHEDPWEDEDPAGLPESFLLDGFLNSRVPGIDPWAPGLSLW,Q96JG9,False
349,sp|P15822|ZEP1_HUMAN,462,502,40,Prediction,GLVLQPDAGGLFLSHESPKALSIHSDVEDSGESEEEGATD,P15822,True
350,sp|P43268|ETV4_HUMAN,36,93,57,Prediction,GKLMDPGSLPPLDSEDLFQDLSHFQETWLAEAQVPDSDEQFVPDFHSENLAFHSPTT,P43268,False
351,sp|Q9UDV6|ZN212_HUMAN,141,276,135,Prediction,SLENDGVCFTEQEWENLEDWQKELYRNVMESNYETLVSLKVLGQTEGEAELGTEMLGDLEEEGPGGAHPAGGVMIKQELQYTQEGPADLPGEFSCIAEEQAFLSPEQTELWGGQGSSVLLETGPGDSTLEEPVGS,Q9UDV6,True
352,sp|Q9Y5A6|ZSC21_HUMAN,77,139,62,Prediction,IHTKEQILELLVLEQFLTILPQELQAWVQEHCPESAEEAVTLLEDLERELDEPGHQVSTPPN,Q9Y5A6,False
353,sp|Q92766|RREB1_HUMAN,1336,1390,54,Prediction,EEHGTEESTGDADGAEEDASSNQSLDLDFATKLMDFKLAEGDGEAGAGGAASQE,Q92766,True
354,sp|Q9H2A3|NGN2_HUMAN,3,52,49,Prediction,KSETLELKEEEDVLVLLGSASPALAALTPLSSSADEEEEEEPGASGGAR,Q9H2A3,False
355,sp|O14948|TFEC_HUMAN,29,85,56,Prediction,HTTLDSDAGLTENPLTKLLAIGKEDDNAQWHMEDVIEDIIGMESSFKEEGADSPLL,O14948,True
356,sp|Q9NS56|TOPRS_HUMAN,465,505,40,Prediction,DLNNDSDDSSDNCVIVGFVKPLAERTPELVELSSDSEDLG,Q9NS56,True
357,sp|Q9NS56|TOPRS_HUMAN,920,971,51,Prediction,KEDTECDNSGPQDPLQNEFLAPSLEPFETKDVVTIEAEFGVLDKECDIATL,Q9NS56,True
358,sp|Q8WY36|BBX_HUMAN,23,68,45,Prediction,KCLQWHPLLAKKLLDFSEEEEEEDEEEDIDKVQLLGADGLEQDVG,Q8WY36,False
359,sp|Q8IY51|TIGD4_HUMAN,384,485,101,Prediction,GESDITNAEKDTGLDLVADALGAGVEFPEGLSIEEYAALDDDLETCEAAPNGDSICTKESKSDETGFYTSDEEDDDGSPGTELPLPSKSEAITALDTLKKF,Q8IY51,False
360,sp|P02788|TRFL_HUMAN,214,255,41,Prediction,FKCLRDGAGDVAFIRESTVFEDLSDEAERDEYELLCPDNTR,P02788,True
361,sp|Q9ULL5|PRR12_HUMAN,931,972,41,Prediction,ICFPDSLLQDEERSFFPTMEEMFGGGAADDYGKAGPPEDEG,Q9ULL5,True
362,sp|Q9ULL5|PRR12_HUMAN,1986,2025,39,Prediction,DQTLAIEGGAEDLGQEEVVQQCMRNQPWLEQLFDSFSDL,Q9ULL5,True
363,sp|P50553|ASCL1_HUMAN,197,236,39,Prediction,SNDLNSMAGSPVSSYSSDEGSYDPLSPEEQELLDFTNWF,P50553,True
364,sp|Q8IVP9|ZN547_HUMAN,22,61,39,Prediction,EEWGHLDEAQRLLYRDVMLENLALLSSLGCCHGAEDEEA,Q8IVP9,True
365,sp|Q9BW11|MAD3_HUMAN,140,205,65,Prediction,AGAAERERLRADSLDSSGLSSERSDSDQEELEVDVESLVFGGEAELLRGFVAGQEHSYSHGGGAW,Q9BW11,True
366,sp|O43422|P52K_HUMAN,131,180,49,Prediction,TNNSNAQNPSEEEGEGQDEDILPLTLEEKENKEYLKSLFEILILMGKQN,O43422,True
367,sp|O43422|P52K_HUMAN,247,307,60,Prediction,EETLREVRDSHFFSIITDDVVDIAGEEHLPVLVRFVDESHNLREEFIGFLPYEADAEILA,O43422,True
368,sp|Q9NU39|FX4L1_HUMAN,26,75,49,Prediction,IDVLGEEEDEDEVEDEEEEASQKFLEQSLQPGLQVARWGGVALPREHIE,Q9NU39,True
369,sp|Q6ZRS2|SRCAP_HUMAN,297,339,42,Prediction,DDEETIEVEEQQEGNDAEAQRREIELLRREGELPLEELLRSL,Q6ZRS2,True
370,sp|Q6ZRS2|SRCAP_HUMAN,412,461,49,Prediction,EEDTIAAEEQLEGEVDHAMELSELAREGELSMEELLQQYAGAYAPGSGS,Q6ZRS2,False
371,sp|Q6ZRS2|SRCAP_HUMAN,2605,2682,77,Prediction,APSLTLEAGSIPNGQEQEAPDSAEGTTLTVLPEGEELPLCVSESNGLELPPSAASDEPLQEPLEADRTSEELTEAKT,Q6ZRS2,True
372,sp|Q9H5V7|IKZF5_HUMAN,40,80,40,Prediction,ALQGAGTDGDQNGLDHPSVEVSLDENSGMLVDGFERTFDG,Q9H5V7,True
373,sp|O15516|CLOCK_HUMAN,127,166,39,Prediction,DGSIIYVSESVTSLLEHLPSDLVDQSIFNFIPEGEHSEV,O15516,True
374,sp|P15036|ETS2_HUMAN,28,68,40,Prediction,FDTFDGSLFAVFPSLNEEQTLQEVPTGLDSISHDSANCEL,P15036,True
375,sp|P15036|ETS2_HUMAN,141,191,50,Prediction,LGKERFLELAPDFVGDILWEHLEQMIKENQEKTEDQYEENSHLTSVPHWI,P15036,True
376,sp|P15036|ETS2_HUMAN,278,318,40,Prediction,PENGADSFESSDSLLQSWNSQSSLLDVQRVPSFESFEDDC,P15036,True
377,sp|Q9UC06|ZNF70_HUMAN,20,73,53,Prediction,SQQGLFPGEDLGDPFLQERGLEQMAVIYKEIPLGEQDEENDDYEGNFSLCSSP,Q9UC06,False
378,sp|Q06945|SOX4_HUMAN,381,471,90,Prediction,ASSHSSSSSSSGSSSSDDEFEDDLLDLNPSSNFESMSLGSFSSSSALDRDLDFNFEPGSGSHFEFPDYCTPEVSEMISGDWLESSISNLV,Q06945,False
379,sp|Q14209|E2F2_HUMAN,386,437,51,Prediction,DQFLSPTLACSSPLISFSPSLDQDDYLWGLEAGEGISDLFDSYDLGDLLIN,Q14209,False
380,sp|Q96GC6|ZN274_HUMAN,53,120,67,Prediction,EHQLSKPDVVSQLEEAEDFWPVERGIPQDTIPEYPELQLDPKLDPLPAESPLMNIEVVEVLTLNQEV,Q96GC6,True
381,sp|Q96GC6|ZN274_HUMAN,265,352,87,Prediction,QQEEKQEDAAICPVTVLPEEPVTFQDVAVDFSREEWGLLGPTQRTEYRDVMLETFGHLVSVGWETTLENKELAPNSDIPEEEPAPSL,Q96GC6,True
382,sp|Q9HCX3|ZN304_HUMAN,26,64,38,Prediction,EWELLEEAQRFLYRDVMLENFALVATLGFWCEAEHEAP,Q9HCX3,True
383,sp|Q5EBL2|ZN628_HUMAN,895,947,52,Prediction,AAEELLTGPGPGEAGDGEASTGVVQDVLFETLQTDEGLQSVLVLSGADGEQT,Q5EBL2,True
384,sp|P10071|GLI3_HUMAN,1056,1121,65,Prediction,SRNFHSSPCPPSITENVTLESLTMDADANLNDEDFLPDDVVQYLNSQNQAGYEQHFPSALPDDSK,P10071,True
385,sp|P10071|GLI3_HUMAN,1492,1532,40,Prediction,SLDSHDLEGVQIDFDAIIDDGDHSSLMSGALSPSIIQNLS,P10071,True
386,sp|Q8TE12|LMX1A_HUMAN,319,362,43,Prediction,QMPGDHMHPYGAEPLFHDLDSDDTSLSNLGDCFLATSEAGPLQ,Q8TE12,True
387,sp|Q8NEP9|ZN555_HUMAN,1,49,48,Prediction,DSVVFEDVAVDFTLEEWALLDSAQRDLYRDVMLETFQNLASVDDETQF,Q8NEP9,False
388,sp|Q6NX49|ZN544_HUMAN,41,79,38,Prediction,VTLETWEHIVSLGLFLSKSDVISQLEQEEDLCRAEQEA,Q6NX49,True
389,sp|Q86UP8|GTD2A_HUMAN,544,582,38,Prediction,VAYSIAIDEITDINNTTQLAIFIRGVDENFDVSEELLD,Q86UP8,True
390,sp|Q86XU0|ZN677_HUMAN,12,59,47,Prediction,VAIEFSQEEWECLDPAQRALYRDVMLENYRNLLSLDEDNIPPEDDIS,Q86XU0,True
391,sp|Q9UKD1|GMEB2_HUMAN,214,259,45,Prediction,TIETCEDPGDWTAAIGDDTFTFWRGLKDAGLLDEVIQEFHQELVE,Q9UKD1,True
392,sp|P17028|ZNF24_HUMAN,92,192,100,Prediction,ELVVLEQFVAILPKELQTWVRDHHPENGEEAVTVLEDLESELDDPGQPVSLRRRKREVLVEDMVSQEEAQGLPSSELDAVENQLKWASWELHSLRHCDDD,P17028,True
393,sp|Q6VB84|FX4L3_HUMAN,26,75,49,Prediction,IDVLGEEEDEDEVEDEEEAASQQFLEQSLQPGLQVARWGGVALPREHIE,Q6VB84,True
394,sp|Q969W8|ZN566_HUMAN,1,48,47,Prediction,AQESVMFSDVSVDFSQEEWECLNDDQRDLYRDVMLENYSNLVSMGHS,Q969W8,True
395,sp|Q12968|NFAC3_HUMAN,116,161,45,Prediction,SPNCHQELDAHEDDLQINDPEREFLERPSRDHLYLPLEPSYRESS,Q12968,True
396,sp|O95644|NFAC1_HUMAN,894,932,38,Prediction,LPEVHEDGSPNLAPIPVTVKREPEELDQLYLDDVNEII,O95644,True
397,sp|P42229|STA5A_HUMAN,737,781,44,Prediction,YPQNPDHVLDQDGEFDLDETMDVARHVEELLRRPMDSLDSRLSP,P42229,True
398,sp|O14978|ZN263_HUMAN,79,120,41,Prediction,ILELLVLEQFLTILPQEIQSRVQELHPESGEEAVTLVEDMQ,O14978,True
399,sp|O14978|ZN263_HUMAN,191,234,43,Prediction,SAPWLSLFPPEGNMEDKEMTGPQLPESLEDVAMYISQEEWGHQ,O14978,True
400,sp|Q969J2|ZKSC4_HUMAN,114,154,40,Prediction,EQHPESGEEVVVLLEYLERQLDEPAPQVPVGDQGQELLCC,Q969J2,True
401,sp|Q9H0D2|ZN541_HUMAN,46,107,61,Prediction,AGLSGLDPDPSLPTPDMSSEVLEDNLDTLSLYSGKDSDSVKLLEEYADSESQASLQDLGLG,Q9H0D2,False
402,sp|O43889|CREB3_HUMAN,0,60,60,Prediction,MELELDAGDQDLLAFLLEESGDLGTAPDEAVRAPLDWALPLSEVPSDWEVDDLLCSLLSP,O43889,False
403,sp|O43889|CREB3_HUMAN,109,148,39,Prediction,EELAEQEIARLVLTDEEKSLLEKEGLILPETLPLTKTEE,O43889,True
404,sp|Q8N7U7|TPRX1_HUMAN,342,380,38,Prediction,FLPDTQLFPHFTELLLPLDPLEGSSVSTMTSQYQEGDD,Q8N7U7,True
405,sp|Q9UMN6|KMT2B_HUMAN,1954,2016,62,Prediction,SGELAPPGPAPSPPPPEDLGPDFEDMEVVSGLSAADLDFAASLLGTEPFQEEIVAAGAMGSS,Q9UMN6,False
406,sp|Q9UMN6|KMT2B_HUMAN,2340,2397,57,Prediction,GEPAGEESPGPLQERSPLLPLPEDGPPQVPDGPPDLLLESQWHHYSGEASSSEEEPP,Q9UMN6,True
407,sp|Q9UL58|ZN215_HUMAN,96,135,39,Prediction,LAILPEEVRTWVNLQHPNNSKDMVTLIEDVIEMLEDEDM,Q9UL58,True
408,sp|Q8NF99|ZN397_HUMAN,82,154,72,Prediction,LHTKEQILELLVLEQFLSILPEELQIWVQQHNPESGEEAVTLLEDLEREFDDPGQQVPASPQGPAVPWKDLT,Q8NF99,False
409,sp|Q8NHM5|KDM2B_HUMAN,50,89,39,Prediction,DENEDLSDVEEIVSVRGFSLEEKLRSQLYQGDFVHAMEG,Q8NHM5,True
410,sp|Q9UGL1|KDM5B_HUMAN,864,917,53,Prediction,LLNRVEDFQQHSQKLLSEETPSAAELQDLLDVSFEFDVELPQLAEMRIRLEQA,Q9UGL1,False
411,sp|Q8ND82|Z280C_HUMAN,7,56,49,Prediction,QPKNISKMAELFMECEEEELEPWQKKVEETQDEDDDELIFVGEISSSKP,Q8ND82,True
412,sp|P17021|ZNF17_HUMAN,1,43,42,Prediction,NLTEDYMVFEDVAIHFSQEEWGILNDVQRHLHSDVMLENFAL,P17021,True
413,sp|Q12772|SRBP2_HUMAN,1,59,58,Prediction,DDSGELGGLETMETLTELGDELTLGDIDEMLQFVSNQVGEFPDLFSEQLCSSFPGSGG,Q12772,False
414,sp|Q9P0L1|ZKSC7_HUMAN,300,340,40,Prediction,LFGVVPGAAETGDVCEDTFKELEGQTSDEEGSRLENDFLE,Q9P0L1,True
415,sp|Q9UIF9|BAZ2A_HUMAN,255,412,157,Prediction,VPSVESLHQEVSVLVPDPTVSCLDDPSHLPDQLEDTPILSEDSLEPFNSLAPEPVSGGLYGIDDTELMGAEDKLPLEDSPVISALDCPSLNNATAFSLLADDSQTSTSIFASPTSPPVLGESVLQDNSFDLNNGSDAEQEEMETQSSDFPPSLTQPA,Q9UIF9,False
416,sp|Q9Y4A8|NF2L3_HUMAN,366,435,69,Prediction,PVDNHMRNLTSQDLLYDLDINIFDEINLMSLATEDNFDPIDVSQLFDEPDSDSGLSLDSSHNNTSVIKS,Q9Y4A8,False
417,sp|Q15424|SAFB1_HUMAN,153,294,141,Prediction,DNLQESLSDSRELVEGEMKELPEQLQEHAIEDKETINNLDTSSSDFTILQEIEEPSLEPENEKILDILGETCKSEPVKEESSELEQPFAQDTSSVGPDRKLAEEEDLFDSAHPEEGDLDLASESTAHAQSSKADSLLAVVK,Q15424,True
418,sp|P0CG23|ZN853_HUMAN,280,418,138,Prediction,QQQEQLQQQQQQQLLQQQQEQLQQQQLQPPPLEPEEEEEVELELMPVDLGSEQELEQQRQELERQQELERQQEQRQLQLKLQEELQQLEQQLEQQQQQLEQQEVQLELTPVELGAQQQEVQLELTPVQPELQLELVPA,P0CG23,False
419,sp|Q99607|ELF4_HUMAN,1,118,117,Prediction,AITLQPSDLIFEFASNGMDDDIHQLEDPSVFPAVIVEQVPYPDLLHLYSGLELDDVHNGIITDGTLCMTQDQILEGSFLLTDDNEATSHTMSTAEVLLNMESPSDILDEKQIFSTSE,Q99607,False
420,sp|Q7Z591|AKNA_HUMAN,48,156,108,Prediction,NATSPELLEDFRLAQQHLPPLEWDPHPQPDGHQDSESGETSGEEAEAEDVDSPASSHEPLAWLPQQGRQLDMTEEEPDGTLGSLEVEEAGESSSRLGYEAGLSLEGHG,Q7Z591,True
421,sp|Q7Z591|AKNA_HUMAN,199,248,49,Prediction,SWSSGTVSLDHPSDSLDSTWEGETDGPQPTALAETLPEGPSHHLLSPDG,Q7Z591,True
422,sp|O15535|ZSC9_HUMAN,93,146,53,Prediction,LLVLEQFLSILPKELQGWVREHCPESGEEAVILLEDLERELDEPQHEMVAHRH,O15535,True
423,sp|Q00653|NFKB2_HUMAN,242,282,40,Prediction,GDEVYLLCDKVQKDDIEVRFYEDDENGWQAFGDFSPTDVH,Q00653,True
424,sp|Q9Y483|MTF2_HUMAN,506,556,50,Prediction,ALQTQNSEIVKDDEGKEDYQFDELNTEILNNLADQELQLNHLKNSITSYF,Q9Y483,True
425,sp|O96006|ZBED1_HUMAN,639,694,55,Prediction,HVDEQVFLYENARSGAEAEPEDQDEGEWGLDQEQVFSLGDGVSGGFFGIRDSSFL,O96006,False
426,sp|Q8IWI9|MGAP_HUMAN,354,394,40,Prediction,CLIASSFEDDSRVASPLDQNGSFNVVIKEEPLDDYDYELG,Q8IWI9,True
427,sp|Q8IWI9|MGAP_HUMAN,645,695,50,Prediction,PGSTFPDVKPDLEDVDGVLFVSFESKEALDIHAVDGTTEESSSLQASTTN,Q8IWI9,True
428,sp|Q8IWI9|MGAP_HUMAN,2271,2310,39,Prediction,GHLLLPGEQIQPKQEKKGGRSSADFTVLDLEEDDEDDNE,Q8IWI9,True
429,sp|Q8IWI9|MGAP_HUMAN,2787,2942,155,Prediction,IEMELRKVTSAIEEAALDSSELLTNMEDEDDTDETLTSLLNEIAFLNQQLNDDSVGLAELPSSMDTEFPGDARRAFISKVPPGSRATFQVEHLGTGLKELPDVQGESDSISPLLLHLEDDDFSENEKQLAEPASEPDVLKIVIDSEIKDSLLSNK,Q8IWI9,False
430,sp|Q9H3D4|P63_HUMAN,44,91,47,Prediction,QTNEFLSPEVFQHIWDFLEQPICSVQPIDLNFVDEPSEDGATNKIEI,Q9H3D4,True
431,sp|P36508|ZNF76_HUMAN,108,149,41,Prediction,TILAVQTEVGLEDLAAEDDEGFSADAVVALEQYASKVLHDS,P36508,True
432,sp|Q6P2D0|ZFP1_HUMAN,10,57,47,Prediction,TDVTVDFTQEEWEQLDPSQRILYMDVMLENYSNLLSVEVWKADDQME,Q6P2D0,True
433,sp|Q9P2J8|ZN624_HUMAN,29,75,46,Prediction,SPEVTQPDEDLHLQAEETQLVKESVTFKDVAIDFTLEEWRLMDPTQ,Q9P2J8,True
434,sp|Q9ULD5|ZN777_HUMAN,397,441,44,Prediction,FQDSELGDPCGEQPDLDMQEPENTLEESTEGSSEFSELKQMLVQ,Q9ULD5,True
435,sp|Q9H2S9|IKZF4_HUMAN,98,150,52,Prediction,IKVEMYSDEESSRLLGPDERLLEKDDSVIVEDSLSEPLGYCDGSGPEPHSPG,Q9H2S9,True
436,sp|P04150|GCR_HUMAN,195,254,59,Prediction,DLEFSSGSPGKETNESPWRSDLLIDENCLLSPLAGEDDSFLLEGNSNEDCKPLILPDTK,P04150,False
437,sp|Q86YE8|ZN573_HUMAN,86,124,38,Prediction,PWMILREETQFTDLDLQCEIISYIEVPTYETDISSTQL,Q86YE8,True
438,sp|Q96LW9|ZSC31_HUMAN,70,126,56,Prediction,EIHTKEQILELLVLEQFLTILPEELQAWVREHHPESGEEAVAVVEDLEQELSEPGN,Q96LW9,False
439,sp|Q96LW9|ZSC31_HUMAN,165,204,39,Prediction,YESFCLHQFQEQDGESIPENQELASKQEILKEMEHLGDS,Q96LW9,True
440,sp|Q7RTS3|PTF1A_HUMAN,1,76,75,Prediction,DAVLLEHFPGGLDAFPSSYFDEDDFFTDQSSRDPLEDGDELLADEQAEVEFLSHQLHEYCYRDGACLLLQPAPPA,Q7RTS3,False
441,sp|Q9UL36|ZN236_HUMAN,812,882,70,Prediction,AANPEAMLDLEPQHVVGTEEAGLGQQLADQPLEADEDGFVAPQDPLRGHVDQFEEQSPAQQSFEPAGLPQ,Q9UL36,True
442,sp|Q9UL36|ZN236_HUMAN,922,961,39,Prediction,LQAPSSDGMNVTTRLIQESSQEELDLQAQGSQFLEDNED,Q9UL36,True
443,sp|Q9UL36|ZN236_HUMAN,1802,1845,43,Prediction,YAGALQESAGHPEQDGEELSRTLHLEEVVQEAAGEWQALTHVF,Q9UL36,True
444,sp|Q3KQV3|ZN792_HUMAN,8,46,38,Prediction,PAQGCVTFEDVTIYFSQEEWVLLDEAQRLLYCDVMLEN,Q3KQV3,True
445,sp|Q16254|E2F4_HUMAN,340,408,68,Prediction,DPTGVLELPKELSEIFDPTRECMSSELLEELMSSEVFAPLLRLSPPPGDHDYIYNLDESEGVCDLFDV,Q16254,False
446,sp|P17040|ZSC20_HUMAN,625,710,85,Prediction,FEMRHEDEDQISEQDIFEGLPGALSKCPTEAVCQPLDWGEDSENENEDEGQWGNPSQEQWQESSSEEDLEKLIDHQGLYLAEKPY,P17040,True
447,sp|O75541|ZN821_HUMAN,84,127,43,Prediction,EKELENTEQPVGGNEVVEHEVTGNLNSDPLLELCQCPLCQLDC,O75541,True
448,sp|Q9BX82|ZN471_HUMAN,85,142,57,Prediction,DWESIYVTQELPLKQFMYDDACMEGITSYGLECSTFEENWKWEDLFEKQMGSHEMFS,Q9BX82,True
449,sp|Q14919|NC2A_HUMAN,66,105,39,Prediction,TSHLKQCIELEQQFDFLKDLVASVPDMQGDGEDNHMDGD,Q14919,True
450,sp|Q14919|NC2A_HUMAN,165,205,40,Prediction,SAHFQSPPTPFLPFASTLPLPPAPPGPSAPDEEDEEDYDS,Q14919,True
451,sp|Q9H7R0|ZN442_HUMAN,4,45,41,Prediction,GGEDRSDLFLPDSQTNEERKQYDSVAFEDVAVNFTQEEWAL,Q9H7R0,True
452,sp|Q8IUM7|NPAS4_HUMAN,677,802,125,Prediction,GPPVLSLDLKPWKCQELDFLADPDNMFLEETPVEDIFMDLSTPDPSEEWGSGDPEAEGPGGAPSPCNNLSPEDHSFLEDLATYETAFETGVSAFPYDGFTDELHQLQSQVQDSFHEDGSGGEPTF,Q8IUM7,False
453,sp|Q99676|ZN184_HUMAN,112,153,41,Prediction,EPDISEEELSPEVIVEKHKRDDSWSSNLLESWEYEGSLERQ,Q99676,True
454,sp|Q6P9G9|ZN449_HUMAN,90,149,59,Prediction,REHCPENRERVVSLIEDLQRELEIPEQQVDMHDMLLEELAPVGTAHIPPTMHLESPALQ,Q6P9G9,True
455,sp|Q6P9G9|ZN449_HUMAN,264,310,46,Prediction,DYVQLENQWETPPEDLQTDLAKLVDQQNPTLGETPENSNLEEPLNP,Q6P9G9,True
456,sp|P54821|PRRX1_HUMAN,37,77,40,Prediction,HLLDLEEAGDMVAAQADENVGEAGRSLLESPGLTSGSDTP,P54821,True
457,sp|Q8TAQ5|ZN420_HUMAN,9,93,84,Prediction,DVAIDFSQEEWECLDSAQRDLYRDVMLENYSNLVSLDLPSRCASKDLSPEKNTYETELSQWEMSDRLENCDLEESNSRDYLEAK,Q8TAQ5,True
458,sp|Q86W11|ZSC30_HUMAN,0,155,155,Prediction,MSGEATVLAYHAPEEQEGLLVVKVEEENYVLDQDFGLQENPWSQEVFRQKFRQFSYSDSTGPREALSRLRELCCQWLRPEVHSKEQILELLMLEQFLAILPEELQAWLREHRPENGEEAVTMLEELEKELEEPRQQDTTHGQEMFWQEMTSTGAL,Q86W11,False
459,sp|Q6ZMS4|ZN852_HUMAN,76,116,40,Prediction,LFGVVPGGTETGDVCEDTFKELEGQPSNEEGSRLESDFLE,Q6ZMS4,True
460,sp|P50549|ETV1_HUMAN,33,86,53,Prediction,FINRDLAHDSEELFQDLSQLQETWLAEAQVPDNDEQFVPDYQAESLAFHGLPL,P50549,False
461,sp|Q8TF50|ZN526_HUMAN,58,123,65,Prediction,CSECGSLYNTLEEVLSHQEQHMLAVSEEEALTTQNVGLEPELVPGAEGPFQCGECSQLILSPGEL,Q8TF50,True
462,sp|Q8TF50|ZN526_HUMAN,193,238,45,Prediction,MEPYECPECSTLCATPEEFLEHQGTHFDSLEKEERNGLEEEEEDD,Q8TF50,True
463,sp|O60304|ZN500_HUMAN,0,67,67,Prediction,MATVPGLQPLPTLEQDLEQEEILIVKVEEDFCLEEEPSVETEDPSPETFRQLFRLFCYQEVAGPREA,O60304,False
464,sp|O60304|ZN500_HUMAN,138,179,41,Prediction,GSELLSDDEVPLGIGGQFLKHQAEAQPEDLSLEEEARFSSQ,O60304,True
465,sp|Q9C0K0|BC11B_HUMAN,8,71,63,Prediction,PQHLSQRELITPEADHVEAAILEEDEGLEIEEPSGLGLMVGGPDPDLLTCGQCQMNFPLGDIL,Q9C0K0,True
466,sp|P04637|P53_HUMAN,19,70,51,Prediction,SDLWKLLPENNVLSPLPSQAMDDLMLSPDDIEQWFTEDPGPDEAPRMPEAA,P04637,True
467,sp|P07199|CENPB_HUMAN,467,509,42,Prediction,SEGLEAEDWAQGVVEAGGSFGAYGAQEEAQCPTLHFLEGGED,P07199,True
468,sp|Q49AA0|ZFP69_HUMAN,24,98,74,Prediction,AVEGAPLWEDVTKMFEGEALLSQDAEDVKTQRESLEDEVTPGLPTAESQELLTFKDISIDFTQEEWGQLAPAHQ,Q49AA0,True
469,sp|Q92949|FOXJ1_HUMAN,0,53,53,Prediction,MAESWLRLSGAGPAEEAGPEGGLEEPDALDDSLTSLQWLQEFSILNAKAPALP,Q92949,True
470,sp|Q92949|FOXJ1_HUMAN,289,411,122,Prediction,STLLPTPEEQGELEPLKGNFDWEAIFDAGTLGGELGALEALELSPPLSPASHVDVDLTIHGRHIDCPATWGPSVEQAADSLDFDETFLATSFLQHPWDESGSGCLPPEPLFEAGDATLASDL,Q92949,False
471,sp|Q8TAU0|NKX23_HUMAN,25,78,53,Prediction,HFHGAHLQADLEHHFHSAPCMLAAAEGTQFSDGGEEDEEDEGEKLSYLNSLAA,Q8TAU0,True
472,sp|Q12778|FOXO1_HUMAN,591,641,50,Prediction,LLHQEKLPSDLDGMFIERLDCDMESIIRNDLMDGDTLDFNFDNVLPNQSF,Q12778,True
473,sp|O43309|ZSC12_HUMAN,77,159,82,Prediction,ETHTKEQILELLVLEQFLTILPEELQAWVQEQHPESGEEVVTVLEDLERELDEPGEQVSVHTGEQEMFLQETVRLRKEGEPS,O43309,False
474,sp|Q9P215|POGK_HUMAN,23,124,101,Prediction,RELEDGPADMQKVRICSEGGWVPALFDEVAIYFSDEEWEVLTEQQKALYREVMRMNYETVLSLEFPFPKPDMITRLEGEEESQNSDEWQLQGGTSAENEES,Q9P215,True
475,sp|Q9Y2P0|ZN835_HUMAN,1,42,41,Prediction,EGLLSVALQGAELEGNWKHEGQVEDLQENQESCPEPEAVAC,Q9Y2P0,True
476,sp|P52630|STAT2_HUMAN,695,783,88,Prediction,IVVSNRQVDELQQPLELKPEPELESLELELGLVPEPELSLDLEPLLKAGLDLGPELESVLESTLEPVIEPTLCMVSQTVPEPDQGPVS,P52630,False
477,sp|Q8IZM8|ZN654_HUMAN,302,344,42,Prediction,ECHELFEDLPLLYEHEAQHYLSKTPESSAQPSETILWDVQTD,Q8IZM8,True
478,sp|O95600|KLF8_HUMAN,50,91,41,Prediction,LLDANPMENPALFNDIKIEPPEELLASDFSLPQVEPVDLSF,O95600,True
479,sp|Q8N3X6|LCORL_HUMAN,49,110,61,Prediction,CVGFESILEGLYGPRLRRDLSLFEDCEPEELTDWSMDEKCSFCNLQREAVSDCIPSLDSSQ,Q8N3X6,True
480,sp|Q10587|TEF_HUMAN,89,130,41,Prediction,DGESFHLEYMDLDEFLLENGIPASPTHLAHNLLLPVAELEG,Q10587,True
481,sp|P37231|PPARG_HUMAN,5,43,38,Prediction,GDSPIDPESDSFTDTLSANISQEMTMVDTEMPFWPTNF,P37231,True
482,sp|P52746|ZN142_HUMAN,673,776,103,Prediction,PHGGDLGGSPSPAEVEEGSCTLHLEALGVELESVTEPPLEEVTETAPMEFRPLGLEGPDGLEGPELSSFEGIGTSDLSAEENPLLEKPVSEPSTNPPSLEEAP,P52746,True
483,sp|P52746|ZN142_HUMAN,917,958,41,Prediction,SEDTESGKPPPASQEAELLLPKDAPLELPREPEETEEPLAT,P52746,True
484,sp|Q8NA42|ZN383_HUMAN,1,41,40,Prediction,AEGSVMFSDVSIDFSQEEWDCLDPVQRDLYRDVMLENYGN,Q8NA42,True
485,sp|O60381|HBP1_HUMAN,23,72,49,Prediction,RASGMNDSLELLQCNENLPSSPGYNSCDEHMELDDLPELQAVQSDPTQS,O60381,True
486,sp|O60381|HBP1_HUMAN,229,269,40,Prediction,EWQDVEDFARAEGCDNEEDLQMGIHKGYGSDGLKLLSHEE,O60381,True
487,sp|Q9Y2N7|HIF3A_HUMAN,443,513,70,Prediction,LSADLPDELPVGTENVHRLFTSGKDTEAVETDLDIAQDADALDLEMLAPYISMDDDFQLNASEQLPRAYH,Q9Y2N7,False
488,sp|O75030|MITF_HUMAN,223,263,40,Prediction,DDVIDDIISLESSYNEEILGLMDPALQMANTLPVSGNLID,O75030,True
489,sp|P23497|SP100_HUMAN,122,181,59,Prediction,EALFSDVNMQEYPDLIHIYKGFENVIHDKLPLQESEEEEREERSGLQLSLEQGTGENSF,P23497,True
490,sp|Q5VUA4|ZN318_HUMAN,1966,2026,60,Prediction,ETWESPEKPKTEALELQDVHPELTVTIESKALEDFEATDLKVEELTALGNLGDMPVDFCT,Q5VUA4,True
491,sp|Q6ZV50|RFX8_HUMAN,413,486,73,Prediction,MTLCHRDSFGSWHLFHLLLLEYMIHILQSCLEEEEEEEDMGTVKEMLPDDPTLGQPDQALFHSLNSSLSQACA,Q6ZV50,False
492,sp|P78545|ELF3_HUMAN,127,179,52,Prediction,LTSSSSDELSWIIELLEKDGMAFQEALDPGPFDQGSPFAQELLDDGQQASPY,P78545,False
493,sp|Q13568|IRF5_HUMAN,127,174,47,Prediction,TDSQPPEDYSFGAGEEEEEEEELQRMLPSLSLTEDVKWPPTLQPPTL,Q13568,True
494,sp|Q14494|NF2L1_HUMAN,117,292,175,Prediction,PNSGLALESSSGLQDVTGPDNGVRESETEQGFGEDLEDLGAVAPPVSGDLTKEDIDLIDILWRQDIDLGAGREVFDYSHRQKEQDVEKELRDGGEQDTWAGEGAEALARNLLVDGETGESFPAQVPSGEDQTALSLEECLRLLEATCPFGENAEFPADISSITEAVPSESEPPAL,Q14494,True
495,sp|Q14494|NF2L1_HUMAN,415,497,82,Prediction,LFFPPQLNGTANDTAGPELPDPLGGLLDEAMLDEISLMDLAIEEGFNPVQASQLEEEFDSDSGLSLDSSHSPSSLSSSEGSS,Q14494,False
496,sp|Q66K89|E4F1_HUMAN,598,640,42,Prediction,GCLLEVEELLVSEDSPAAATTVLTEDPHTVLVEFSSVVADTQ,Q66K89,True
497,sp|Q8NAP8|ZBT8B_HUMAN,231,271,40,Prediction,EFDADEVEVDVGEQLQQYAAPLNLAHVEEALPSGQAVDLA,Q8NAP8,True
498,sp|Q8NAP8|ZBT8B_HUMAN,414,453,39,Prediction,LRRFGLCDSCTCVTDTPDDDDDLMPINLSLVEASSESQE,Q8NAP8,True
499,sp|Q8N123|CPXCR_HUMAN,54,98,44,Prediction,TATSQEDVVPQAAENSELETEIQKDQREEDLKEELLLLQTPIPR,Q8N123,True
500,sp|Q96BA8|CR3L1_HUMAN,10,97,87,Prediction,DRLFPGSSFLDLGDLNESDFLNNAHFPEHLDHFTENMEDFSNDLFSSFFDDPVLDEKSPLLDMELDSPTPGIQAEHSYSLSGDSAPQ,Q96BA8,False
501,sp|Q14592|ZN460_HUMAN,144,185,41,Prediction,SPEDALYGFDSYGPVTDSLIHEGENSYKFEEMFNENCFLVQ,Q14592,True
502,sp|P17947|SPI1_HUMAN,32,80,48,Prediction,HEYYPYLSSDGESHSDHYWDFHPHHVHSEFESFAENNFTELQSVQPPQ,P17947,False
503,sp|P41161|ETV5_HUMAN,28,86,58,Prediction,DRKRKFLDTDLAHDSEELFQDLSQLQEAWLAEAQVPDDEQFVPDFQSDNLVLHAPPPT,P41161,False
504,sp|P41161|ETV5_HUMAN,449,510,61,Prediction,DPDALFSMAFPDNQRPFLKAESECHLSEEDTLPLTHFEDSPAYLLDMDRCSSLPYAEGFAY,P41161,False
505,sp|P15172|MYOD1_HUMAN,1,65,64,Prediction,ELLSPPLRDVDLTAPDGSLCSFATTDDFYDDPCFDSPDLRFFEDLDPRLMHVGALLKPEEHSHF,P15172,False
506,sp|P62508|ERR3_HUMAN,296,345,49,Prediction,QMSLLQSAWMEILILGVVYRSLSFEDELVYADDYIMDEDQSKLAGLLDL,P62508,True
507,sp|Q8TBC5|ZSC18_HUMAN,201,239,38,Prediction,AKTEEDGPANTEQKLKSFPEDPQHLGEWGHLDPAEENL,Q8TBC5,True
508,sp|Q15047|SETB1_HUMAN,9,48,39,Prediction,LDAATATVESEEIAELQQAVVEELGISMEELRHFIDEEL,Q15047,True
509,sp|Q15047|SETB1_HUMAN,825,875,50,Prediction,GSFVCIYAGKILTDDFADKEGLEMGDEYFANLDHIESVENFKEGYESDAP,Q15047,False
510,sp|Q96MU6|ZN778_HUMAN,18,83,65,Prediction,LHEEQTQAAGMVAGWLINCYQDAVTFDDVAVDFTQEEWTLLDPSQRDLYRDVMLENYENLASVEW,Q96MU6,False
511,sp|Q96HZ4|HES6_HUMAN,173,217,44,Prediction,PPGPGDDLCSDLEEAPEAELSQAPAEGPDLVPAALGSLTTAQIA,Q96HZ4,True
512,sp|Q16236|NF2L2_HUMAN,161,289,128,Prediction,AQSPETSVAQVAPVDLDGMQQDIEQVWEELLSIPELQCLNIENDKLVETTMVPSPEAKLTEVDNYHFYSSIPSMEKEVGNCSPHFLNAFEDSFSSILSTEDPNQLTVNSLNSDATVNTDFGDEFYSAF,Q16236,True
513,sp|Q9H582|ZN644_HUMAN,321,362,41,Prediction,EVDFLEQNEELQAVDSQKYALSKVKPESTDEDLESVDAFQH,Q9H582,True
514,sp|Q9H582|ZN644_HUMAN,854,949,95,Prediction,TEDESSWDNVELGDYTTQAIEDETYSDINQEHVNLFPLFKSKVEGQEPGENATLSYDQNDGFYFEYYEDTGSNNFLHEIHDPQHLETADASLSKH,Q9H582,False
515,sp|Q7Z7K2|ZN467_HUMAN,84,139,55,Prediction,TCPGEEWMIRKVKVEDEDQEAEEEVEWPQHLSLLPSPFPAPDLGHLAAAYKLEPG,Q7Z7K2,False
516,sp|P57073|SOX8_HUMAN,253,299,46,Prediction,SGRQNIDFSNVDISELSSEVMGTMDAFDVHEFDQYLPLGGPAPPEP,P57073,True
517,sp|Q8IUX7|AEBP1_HUMAN,9,67,58,Prediction,LSCLLALLALCPGGRPQTVLTDDEIEEFLEGFLSELEPEPREDDVEAPPPPEPTPRVR,Q8IUX7,False
518,sp|Q8IUX7|AEBP1_HUMAN,662,715,53,Prediction,HLVPSLNPDGYEVAAQMGSEFGNWALGLWTEEGFDIFEDFPDLNSVLWGAEER,Q8IUX7,False
519,sp|Q8IUX7|AEBP1_HUMAN,1082,1158,76,Prediction,TETYTEVVTEFGTEVEPEFGTKVEPEFETQLEPEFETQLEPEFEEEEEEEKEEEIATGQAFPFTTVETYTVNFGDF,Q8IUX7,False
520,sp|P08151|GLI1_HUMAN,207,249,42,Prediction,QDPLLGMLDGREDLEREEKREPESVYETDCRWDGCSQEFDSQ,P08151,True
521,sp|P08151|GLI1_HUMAN,1027,1067,40,Prediction,PPEGQVCNPLDSLDLDNTQLDFVAILDEPQGLSPPPSHDQ,P08151,True
522,sp|P19838|NFKB1_HUMAN,261,305,44,Prediction,VTGGEEIYLLCDKVQKDDIQIRFYEEEENGGVWEGFGDFSPTDV,P19838,True
523,sp|P19838|NFKB1_HUMAN,729,803,74,Prediction,GSTRLAALLKAAGADPLVENFEPLYDLDDSWENAGEDEGVVPGTTPLDMATSWQVFDILNGKPYEPEFTSDDLL,P19838,False
524,sp|Q92610|ZN592_HUMAN,3,46,43,Prediction,MKTPDFDDLLAAFDIPDPTSLDAKEAIQTPSEENESPLKPPGI,Q92610,True
525,sp|Q8WW38|FOG2_HUMAN,25,78,53,Prediction,ECPSEETDIISKGDFPLEESFSTEFGPENLSCEEVEYFCNKGDDEGIQETAES,Q8WW38,False
526,sp|Q16621|NFE2_HUMAN,118,165,47,Prediction,PLQDPLALLDIGLPAGPPKPQEDPESDSGLSLNYSDAESLELEGTEA,Q16621,True
527,sp|Q9Y692|GMEB1_HUMAN,222,286,64,Prediction,EEAGLEWNSALTAAVTMATEEGVKKDSEEISEDTLMFWKGIADVGLMEEVVCNIQKEIEELLRG,Q9Y692,True
528,sp|Q8NDW4|ZN248_HUMAN,64,102,38,Prediction,EPWILEKGFPSQCHPERKWKVDDVLESSQENEDDHFWE,Q8NDW4,True
529,sp|Q12950|FOXD4_HUMAN,17,72,55,Prediction,RDSDGEDGKIDVLGEEEDEDEEEAASQQFLEQSLQPGLQVARWGGVALPREHIEG,Q12950,True
530,sp|Q9Y462|ZN711_HUMAN,103,142,39,Prediction,LEEDDGDHILTSELITETVRVPEQVFVADLVTGPNGHLE,Q9Y462,True
531,sp|Q9NP71|MLXPL_HUMAN,263,306,43,Prediction,PSPLQLPPEDAYVGNADMIQPDLTPLQPSLDDFMDISDFFTNS,Q9NP71,True
532,sp|Q9Y2L8|ZKSC5_HUMAN,10,134,124,Prediction,DLDPPAETSQEQEDLFIVKVEEEDCTWMQEYNPPTFETFYQRFRHFQYHEASGPREALSQLRVLCCEWLRPELHTKEQILELLVLEQFLTILPEEFQPWVREHHPESGEEAVAVIENIQRELEE,Q9Y2L8,True
533,sp|O43364|HXA2_HUMAN,206,257,51,Prediction,NQNSEGKCKSLEDSEKVEEDEEEKTLFEQALSVSGALLEREGYTFQQNALS,O43364,True
534,sp|Q96LX8|ZN597_HUMAN,37,86,49,Prediction,LSKDGTKESLEDAALMGEEGKPEINQQLSLESMELDELALEKYPIAAPL,Q96LX8,True
535,sp|Q9BY31|ZN717_HUMAN,1,51,50,Prediction,LETYNSLVSLQELVSFEEVAVHFTWEEWQDLDDAQRTLYRDVMLETYSSL,Q9BY31,True
536,sp|O95718|ERR2_HUMAN,347,387,40,Prediction,ALANSDSMYIEDLEAVQKLQDLLHEALQDYELSQRHEEPW,O95718,True
537,sp|P17027|ZNF23_HUMAN,44,87,43,Prediction,LQTDIQTDNDLTKEMYEGKENVSFELQRDFSQETDFSEASLLE,P17027,True
538,sp|P35869|AHR_HUMAN,549,587,38,Prediction,FEDIRHMQNEKFFRNDFSGEVDFRDIDLTDEILTYVQD,P35869,True
539,sp|Q86UP3|ZFHX4_HUMAN,468,514,46,Prediction,PGDEDEEDAYSNELDDEEVLGELTDSIGNKDFPLLNQSISPLSSSV,Q86UP3,False
540,sp|Q86UP3|ZFHX4_HUMAN,1056,1106,50,Prediction,HQQGLAPEEDNLSEIFFVKDCPPNELETASLGARTCDDDLTEQHEEAEGA,Q86UP3,True
541,sp|Q86UP3|ZFHX4_HUMAN,1396,1449,53,Prediction,KHLEAGHPELSEAELQQLYASLPVNGELWAESETMSQDDHGLEQEMEREYEVD,Q86UP3,False
542,sp|Q86UP3|ZFHX4_HUMAN,2809,2857,48,Prediction,PTTEVCDDKFLFSLTSPSIHFNDKDGDHDQSFYITDDPDDNADRSETS,Q86UP3,True
543,sp|Q86UP3|ZFHX4_HUMAN,3505,3545,40,Prediction,TSSLCSTSGVQTSLPTESCSDESDSELSQKLEDLDNSLEV,Q86UP3,True
544,sp|O60284|ST18_HUMAN,267,317,50,Prediction,DGNAQPSFPDVEEEDSESLAVMTEEGSDLEKAKGNLSLLEQAIALQAERG,O60284,True
545,sp|Q96BR9|ZBT8A_HUMAN,365,409,44,Prediction,NECLAEFGIDSLPIDLEAEQHLMSPSDGDKDSRWHLSEDENRSY,Q96BR9,True
