,GeneName,Start,End,Length,RegionType,ProteinRegionSeq,ADpred,PADDLE
0,sp|Q7Z340|ZN551_HUMAN,24,62,38,Prediction,SAQGMTFEDVAIYFSQEEWELLDESQRFLYCDVMLENF,True,False
1,sp|Q7RTS3|PTF1A_HUMAN,1,75,74,Prediction,DAVLLEHFPGGLDAFPSSYFDEDDFFTDQSSRDPLEDGDELLADEQAEVEFLSHQLHEYCYRDGACLLLQPAPP,True,True
2,sp|Q8IUX7|AEBP1_HUMAN,13,55,42,Prediction,LALLALCPGGRPQTVLTDDEIEEFLEGFLSELEPEPREDDVE,True,True
3,sp|Q8IUX7|AEBP1_HUMAN,665,714,49,Prediction,PSLNPDGYEVAAQMGSEFGNWALGLWTEEGFDIFEDFPDLNSVLWGAEE,True,True
4,sp|Q8IUX7|AEBP1_HUMAN,1083,1158,75,Prediction,ETYTEVVTEFGTEVEPEFGTKVEPEFETQLEPEFETQLEPEFEEEEEEEKEEEIATGQAFPFTTVETYTVNFGDF,False,True
5,sp|P43268|ETV4_HUMAN,39,90,51,Prediction,MDPGSLPPLDSEDLFQDLSHFQETWLAEAQVPDSDEQFVPDFHSENLAFHS,True,True
6,sp|Q86UZ6|ZBT46_HUMAN,523,566,43,Prediction,PEALFPGDGPYLEDPEDPRGEAEELGEDDEGLAPEDALLADDK,False,False
7,sp|Q8IWY8|ZSC29_HUMAN,59,97,38,Prediction,LLVLEQFLTVLPGEIQNWVQEQCPENGEEAVTLVEDLE,False,False
8,sp|Q9UID6|ZN639_HUMAN,294,333,39,Prediction,DVQFSSSSELYLHFQEHSCDEQYLCQFCEHETNDPEDLH,True,False
9,sp|Q6P280|ZN529_HUMAN,19,59,40,Prediction,PEVEFPDQFFTVLTMDHELVTLRDVVINFSQEEWEYLDSA,True,False
10,sp|P01106|MYC_HUMAN,11,50,39,Prediction,YDLDYDSVQPYFYCDEEENFYQQQQQSELQPPAPSEDIW,True,True
11,sp|A6NFI3|ZN316_HUMAN,128,185,57,Prediction,PRDEDLEEEEEEEEDEDEDDLLTAGCQELVTFEDVAVYFSLEEWERLEADQRGLYQE,True,False
12,sp|A6NFI3|ZN316_HUMAN,230,277,47,Prediction,TGVYTGAWFWTDDIEDHEEEDDEDFLAEVAEEENEPPGLWSAAYGVG,True,False
13,sp|P17014|ZNF12_HUMAN,58,98,40,Prediction,KLEQGEEPWIVEGEFLLQSYPDEVWQTDDLIERIQEEENK,True,True
14,sp|Q9H0D2|ZN541_HUMAN,66,104,38,Prediction,VLEDNLDTLSLYSGKDSDSVKLLEEYADSESQASLQDL,False,True
15,sp|Q6ZRS2|SRCAP_HUMAN,413,471,58,Prediction,EDTIAAEEQLEGEVDHAMELSELAREGELSMEELLQQYAGAYAPGSGSSEDEDEDEVD,False,False
16,sp|P01100|FOS_HUMAN,208,246,38,Prediction,DLGFPEEMSVASLDLTGGLPEVATPESEEAFTLPLLND,False,False
17,sp|O95785|WIZ_HUMAN,238,276,38,Prediction,GPYLCELLEEVAEGVASPDEDEDEEPAVFPCIECSIYF,False,False
18,sp|Q9Y330|ZBT12_HUMAN,166,214,48,Prediction,PPPPPLPPPLLRPVKLEFPLDEDLELKAEEEDEDEDEDVSDICIVKVE,False,False
19,sp|Q96JG9|ZN469_HUMAN,2875,2921,46,Prediction,GPARLPTDLSDSSSLCLCHEDPWEDEDPAGLPESFLLDGFLNSRVP,False,True
20,sp|Q15596|NCOA2_HUMAN,785,825,40,Prediction,TEKEEMSFEPGDQPGSELDNLEEILDDLQNSQLPQLFPDT,False,True
21,sp|Q15596|NCOA2_HUMAN,1058,1097,39,Prediction,SPDDLLCPHPAAESPSDEGALLDQLYLALRNFDGLEEID,False,True
22,sp|P15172|MYOD1_HUMAN,2,50,48,Prediction,LLSPPLRDVDLTAPDGSLCSFATTDDFYDDPCFDSPDLRFFEDLDPRL,True,True
23,sp|Q96QS3|ARX_HUMAN,221,269,48,Prediction,GTEDDEEELLEDEEDEDEEEELLEDDEEELLEDDARALLKEPRRCPVA,True,False
24,sp|Q15776|ZKSC8_HUMAN,90,134,44,Prediction,LELLVLEQFLTILPEELQTLVKEHQLENGEEVVTLLEDLERQID,False,False
25,sp|Q9Y4E5|ZN451_HUMAN,861,899,38,Prediction,NDLSYQNIEEEIVELPDLDYLRTMTHIVFVDFDNWSNF,True,True
26,sp|O15391|TYY2_HUMAN,71,123,52,Prediction,GDHDQEMLMLQTQEEVVGYCDSDNQLGNDLEDQLALPDSIEDEHFQMTLASL,False,True
27,sp|P36956|SRBP1_HUMAN,2,53,51,Prediction,EPPFSEAALEQALGEPCDLDAALLTDIEDMLQLINNQDSDFPGLFDPPYAG,True,True
28,sp|Q15329|E2F5_HUMAN,301,342,41,Prediction,IIDELMSSDVFPLLRLSPTPADDYNFNLDDNEGVCDLFDVQ,True,True
29,sp|Q8WTR7|ZN473_HUMAN,0,128,128,Prediction,MAEEFVTLKDVGMDFTLGDWEQLGLEQGDTFWDTALDNCQDLFLLDPPRPNLTSHPDGSEDLEPLAGGSPEATSPDVTETKNSPLMEDFFEEGFSQEIIEMLSKDGFWNSNFGEACIEDTWLDSLLGD,True,False
30,sp|Q9NQX1|PRDM5_HUMAN,94,144,50,Prediction,NLAAIQEGENIFYLAVEDIETDTELLIGYLDSDMEAEEEEQQIMTVIKEG,True,True
31,sp|Q96MW7|TIGD1_HUMAN,410,475,65,Prediction,IDDYEGFKTSVEEVSADVVEIAKELELEVEPEDVTELLQSHDKTLTDEELFLMDAQRKWFLEMES,True,False
32,sp|Q8IWI9|MGAP_HUMAN,2794,2924,130,Prediction,VTSAIEEAALDSSELLTNMEDEDDTDETLTSLLNEIAFLNQQLNDDSVGLAELPSSMDTEFPGDARRAFISKVPPGSRATFQVEHLGTGLKELPDVQGESDSISPLLLHLEDDDFSENEKQLAEPASEPD,True,True
33,sp|Q8N587|ZN561_HUMAN,28,68,40,Prediction,VEDYLASGYQDSVTFDDVAVDFTPEEWALLDTTEKYLYRD,True,True
34,sp|Q9H2A3|NGN2_HUMAN,5,46,41,Prediction,ETLELKEEEDVLVLLGSASPALAALTPLSSSADEEEEEEPG,False,False
35,sp|Q7Z3V5|ZN571_HUMAN,10,48,38,Prediction,VAIDFSQEEWECLDPAQRDLYRDVMLENYSNLISLDLE,True,False
36,sp|Q6ZV50|RFX8_HUMAN,414,470,56,Prediction,TLCHRDSFGSWHLFHLLLLEYMIHILQSCLEEEEEEEDMGTVKEMLPDDPTLGQPD,False,False
37,sp|O43309|ZSC12_HUMAN,83,133,50,Prediction,QILELLVLEQFLTILPEELQAWVQEQHPESGEEVVTVLEDLERELDEPGE,False,True
38,sp|Q8NEP9|ZN555_HUMAN,7,46,39,Prediction,DVAVDFTLEEWALLDSAQRDLYRDVMLETFQNLASVDDE,True,True
39,sp|Q06945|SOX4_HUMAN,395,438,43,Prediction,SSDDEFEDDLLDLNPSSNFESMSLGSFSSSSALDRDLDFNFEP,True,True
40,sp|P0CG23|ZN853_HUMAN,294,350,56,Prediction,LQQQQEQLQQQQLQPPPLEPEEEEEVELELMPVDLGSEQELEQQRQELERQQELER,False,False
41,sp|Q9H175|CSRN2_HUMAN,138,181,43,Prediction,TKNGTVESVEADGLTLDDVSDEDIDVENVEVDDYFFLQPLPTK,True,False
42,sp|Q6NT04|TIGD7_HUMAN,407,446,39,Prediction,PEYDFQGLEHGDYREILEKCGELETKLDDDRVWLNGDEE,False,False
43,sp|P18848|ATF4_HUMAN,0,134,134,Prediction,MTEMSFLSSEVLVGDLMSPFDQSGLGAEESLGLLDDYLEVAKHFKPHGFSSDKAKAGSSEWLAVDGLVSPSNNSKEDAFSGTDWMLEKMDLKEFDLDALLGIDDLETMPDDLLTTLDDTCDLFAPLVQETNKQP,True,True
44,sp|Q16665|HIF1A_HUMAN,533,572,39,Prediction,ELVEKLFAEDTEAKNPFSTQDTDLDLEMLAPYIPMDDDF,True,True
45,sp|Q9Y2N7|HIF3A_HUMAN,462,509,47,Prediction,FTSGKDTEAVETDLDIAQDADALDLEMLAPYISMDDDFQLNASEQLP,True,True
46,sp|P52630|STAT2_HUMAN,698,768,70,Prediction,SNRQVDELQQPLELKPEPELESLELELGLVPEPELSLDLEPLLKAGLDLGPELESVLESTLEPVIEPTLC,True,True
47,sp|Q8N8E2|ZN513_HUMAN,11,84,73,Prediction,VKCEGVKVDTEDSLDEGPGALVLESDLLLGQDLEFEEEEEEEEGDGNSDQLMGFERDSEGDSLGARPGLPYGL,False,False
48,sp|Q96BA8|CR3L1_HUMAN,11,86,75,Prediction,RLFPGSSFLDLGDLNESDFLNNAHFPEHLDHFTENMEDFSNDLFSSFFDDPVLDEKSPLLDMELDSPTPGIQAEH,True,True
49,sp|Q96LW9|ZSC31_HUMAN,79,118,39,Prediction,ELLVLEQFLTILPEELQAWVREHHPESGEEAVAVVEDLE,False,False
50,sp|P19532|TFE3_HUMAN,490,541,51,Prediction,QPPAPPSDALLDLHFPSDHLGDLGDPFHLGLEDILMEEEEGVVGGLSGGAL,True,True
51,sp|O15353|FOXN1_HUMAN,514,560,46,Prediction,MHDTLLPDGDLGTDLDAINPSLTDFDFQGNLWEQLKDDSLALDPLV,True,True
52,sp|Q03701|CEBPZ_HUMAN,20,66,46,Prediction,AVEDPDEEDEDNTSEAENGFSLEEVLRLGGTKQDYLMLATLDENEE,False,False
53,sp|O75461|E2F6_HUMAN,143,183,40,Prediction,QEELSDLSAMEDALDELIKDCAQQLFELTDDKENERLAYV,True,True
54,sp|Q9UGL1|KDM5B_HUMAN,869,909,40,Prediction,EDFQQHSQKLLSEETPSAAELQDLLDVSFEFDVELPQLAE,True,True
55,sp|Q9Y5A6|ZSC21_HUMAN,84,131,47,Prediction,LELLVLEQFLTILPQELQAWVQEHCPESAEEAVTLLEDLERELDEPG,False,False
56,sp|Q9P0U4|CXXC1_HUMAN,268,321,53,Prediction,PPEATATPEPLSDEDLPLDPDLYQDFCAGAFDDHGLPWMSDTEESPFLDPALR,True,True
57,sp|Q96S65|CSRN1_HUMAN,382,433,51,Prediction,QPGVDDDSLARILSFSDSDFGGEEEEEEEGSVGNLDNLSCFHPADIFGTSD,False,True
58,sp|Q14872|MTF1_HUMAN,47,88,41,Prediction,TVLIEQDPGTLEDEDDDGQCGEHLPFLVGGEEGFHLIDHEA,False,True
59,sp|P50549|ETV1_HUMAN,36,83,47,Prediction,RDLAHDSEELFQDLSQLQETWLAEAQVPDNDEQFVPDYQAESLAFHG,True,True
60,sp|Q8WYA1|BMAL2_HUMAN,587,636,49,Prediction,EPLLSDGAQLDFDALCDNDDTAMAAFMNYLEAEGGLGDPGDFSDIQWTL,True,True
61,sp|Q9NRM2|ZN277_HUMAN,254,315,61,Prediction,NREYDRFYVINYLELGKSWEEVQLEDDRELLDHQEDDWSDWEEHPASAVCLFCEKQAETIE,True,False
62,sp|Q9NRM2|ZN277_HUMAN,389,432,43,Prediction,TWDQLEYYFPTYENDTLLCTLSDSESDLTAQEQNENVPIISED,True,False
63,sp|O43889|CREB3_HUMAN,1,55,54,Prediction,ELELDAGDQDLLAFLLEESGDLGTAPDEAVRAPLDWALPLSEVPSDWEVDDLLC,True,True
64,sp|Q96MM3|ZFP42_HUMAN,60,98,38,Prediction,QALGGDDFSDCYIECVIRGEFSQPILEEDSLFESLEYL,True,True
65,sp|Q9UIH9|KLF15_HUMAN,117,156,39,Prediction,EHFCLPEFPLGDPDDVPRPFQPTLEEIEEFLEENMEPGV,False,True
66,sp|Q6ZSZ6|TSH1_HUMAN,518,556,38,Prediction,ESEDSLEKFEPSTLYPYLREEDLDDSPKGGLDILKSLE,False,False
67,sp|Q7Z7K2|ZN467_HUMAN,99,137,38,Prediction,DEDQEAEEEVEWPQHLSLLPSPFPAPDLGHLAAAYKLE,False,False
68,sp|Q8WYN3|CSRN3_HUMAN,137,181,44,Prediction,TKNGTVESEEASTLTLDDISDDDIDLDNTEVDEYFFLQPLPTKK,True,False
69,sp|P19838|NFKB1_HUMAN,744,788,44,Prediction,PLVENFEPLYDLDDSWENAGEDEGVVPGTTPLDMATSWQVFDIL,True,True
70,sp|Q9BVI0|PHF20_HUMAN,604,659,55,Prediction,VKALEEDNLSESSSESFLWSDDEYGQDVDVTTNPDEELDGDDRYDFEVVRCICEV,False,True
71,sp|Q9BVI0|PHF20_HUMAN,939,978,39,Prediction,FNLLTHVESLQDEVTHRMDSIEKELDVLESWLDYTGELE,False,True
72,sp|Q86W11|ZSC30_HUMAN,89,132,43,Prediction,LLMLEQFLAILPEELQAWLREHRPENGEEAVTMLEELEKELEE,False,False
73,sp|Q9ULJ3|ZBT21_HUMAN,500,539,39,Prediction,EHGSPVSEDNFEEGSSPTLLDADFPDSDLNKDEFGELEG,False,False
74,sp|Q04206|TF65_HUMAN,432,476,44,Prediction,EGTLSEALLQLQFDDEDLGALLGNSTDPAVFTDLASVDNSEFQQ,True,True
75,sp|Q6R2W3|SCND3_HUMAN,91,137,46,Prediction,LELLVLEQFLTILPEELQSWVREHNPESGEEVVTLLEDLERELDEP,False,True
76,sp|Q13129|RLF_HUMAN,478,523,45,Prediction,CHQLLGQEASDSDDDLSGYEMSINDTDVLESFLSDYDEGKEDKQY,False,True
77,sp|Q14494|NF2L1_HUMAN,432,485,53,Prediction,ELPDPLGGLLDEAMLDEISLMDLAIEEGFNPVQASQLEEEFDSDSGLSLDSSH,True,True
78,sp|P17947|SPI1_HUMAN,34,72,38,Prediction,YYPYLSSDGESHSDHYWDFHPHHVHSEFESFAENNFTE,False,True
79,sp|O43524|FOXO3_HUMAN,605,648,43,Prediction,KFPSDLDLDMFNGSLECDMESIIRSELMDADGLDFNFDSLIST,True,True
80,sp|Q15047|SETB1_HUMAN,836,875,39,Prediction,LTDDFADKEGLEMGDEYFANLDHIESVENFKEGYESDAP,False,False
81,sp|Q14209|E2F2_HUMAN,395,437,42,Prediction,CSSPLISFSPSLDQDDYLWGLEAGEGISDLFDSYDLGDLLIN,True,True
82,sp|P18850|ATF6A_HUMAN,9,83,74,Prediction,TMESPFSPGLFHRLDEDWDSALFAELGYFTDTDELQLEAANETYENNFDNLDFDLDLMPWESDIWDINNQICTV,True,True
83,sp|Q96MU6|ZN778_HUMAN,38,83,45,Prediction,QDAVTFDDVAVDFTQEEWTLLDPSQRDLYRDVMLENYENLASVEW,True,True
84,sp|P04150|GCR_HUMAN,207,253,46,Prediction,TNESPWRSDLLIDENCLLSPLAGEDDSFLLEGNSNEDCKPLILPDT,True,True
85,sp|Q8N7M2|ZN283_HUMAN,77,116,39,Prediction,VAIDFSQEEWECLDPAQRDLYVDVMLENYSNLVSLDLES,True,True
86,sp|Q9UBX2|DUX4_HUMAN,366,424,58,Prediction,ALPCGLLLDELLASPEFLQQAQPLLETEAPGELEASEEAASLEAPLSEEEYRALLEEL,True,True
87,sp|P49910|ZN165_HUMAN,88,128,40,Prediction,LELLVLEQFLTILPGDLQAWVHEHYPESGEEAVTILEDLE,False,False
88,sp|Q9BYE7|PCGF6_HUMAN,68,133,65,Prediction,SLGRFRGRFEDEDEELEEEEELEEEEEEEEEDMSHFSLRLEGGRQDSEDEEERLINLSELTPYIL,False,False
89,sp|P35716|SOX11_HUMAN,393,438,45,Prediction,LVDKDLDSFSEGSLGSHFEFPDYCTPELSEMIAGDWLEANFSDLV,True,True
90,sp|Q9UC06|ZNF70_HUMAN,25,67,42,Prediction,FPGEDLGDPFLQERGLEQMAVIYKEIPLGEQDEENDDYEGNF,False,True
91,sp|Q15911|ZFHX3_HUMAN,1462,1501,39,Prediction,LYGGLLANGDLLAMGDPTLAEDHTIIVEEDKEEESDLED,False,False
92,sp|P35638|DDIT3_HUMAN,8,49,41,Prediction,SFGTLSSWELEAWYEDLQEVLSSDENGGTYVSPPGNEEEES,True,True
93,sp|P98177|FOXO4_HUMAN,461,505,44,Prediction,SQDRMPQDLDLDMYMENLECDMDNIISDLMDEGEGLDFNFEPDP,True,True
94,sp|Q8NF99|ZN397_HUMAN,89,136,47,Prediction,LELLVLEQFLSILPEELQIWVQQHNPESGEEAVTLLEDLEREFDDPG,False,False
95,sp|Q8NFU7|TET1_HUMAN,1964,2005,41,Prediction,EADEPPSDEPLSDDPLSPAEEKLPHIDEYWSDSEHIFLDAN,False,True
96,sp|Q96LU7|MRFL_HUMAN,4,44,40,Prediction,GENEALQQFFEAQGANGTLENPALDTSLLEEFLGNDFDLG,True,True
97,sp|Q8IX15|HOMEZ_HUMAN,488,528,40,Prediction,RLSTQQVLDWFDSRLPQPAEVVVCLDEEEEEEEEELPEDD,False,False
98,sp|O96006|ZBED1_HUMAN,641,680,39,Prediction,DEQVFLYENARSGAEAEPEDQDEGEWGLDQEQVFSLGDG,True,True
99,sp|Q9UMN6|KMT2B_HUMAN,1968,2009,41,Prediction,PPEDLGPDFEDMEVVSGLSAADLDFAASLLGTEPFQEEIVA,False,True
100,sp|P78415|IRX3_HUMAN,244,283,39,Prediction,LADDDEDEEIDLENLDGAATEPELSLAGAARRDGDLGLG,False,False
101,sp|Q96PN7|TREF1_HUMAN,1156,1200,44,Prediction,KDVDILDDDVVQQLGGVMEEAEVVDTDLLLDDQDSVLLQGDAEL,False,True
102,sp|Q12772|SRBP2_HUMAN,1,56,55,Prediction,DDSGELGGLETMETLTELGDELTLGDIDEMLQFVSNQVGEFPDLFSEQLCSSFPG,True,True
103,sp|Q8NCP5|ZBT44_HUMAN,508,553,45,Prediction,LNHEASELANYFQSSDFLVPDYLNQEQEETLVQYDLGEHGFESNS,True,True
104,sp|Q13398|ZN211_HUMAN,27,83,56,Prediction,PASGSVTFEDVAVYFSWEEWDLLDEAQKHLYFDVMLENFALTSSLGCWCGVEHEET,True,True
105,sp|O60304|ZN500_HUMAN,4,53,49,Prediction,PGLQPLPTLEQDLEQEEILIVKVEEDFCLEEEPSVETEDPSPETFRQLF,False,False
106,sp|P78545|ELF3_HUMAN,133,173,40,Prediction,DELSWIIELLEKDGMAFQEALDPGPFDQGSPFAQELLDDG,True,True
107,sp|Q05516|ZBT16_HUMAN,79,139,60,Prediction,FQQILEYAYTATLQAKAEDLDDLLYAAEILEIEYLEEQCLKMLETIQASDDNDTEATMAD,True,True
108,sp|Q16254|E2F4_HUMAN,366,407,41,Prediction,LLEELMSSEVFAPLLRLSPPPGDHDYIYNLDESEGVCDLFD,True,True
109,sp|Q8IUM7|NPAS4_HUMAN,682,787,105,Prediction,SLDLKPWKCQELDFLADPDNMFLEETPVEDIFMDLSTPDPSEEWGSGDPEAEGPGGAPSPCNNLSPEDHSFLEDLATYETAFETGVSAFPYDGFTDELHQLQSQV,True,True
110,sp|Q9Y4A8|NF2L3_HUMAN,374,427,53,Prediction,LTSQDLLYDLDINIFDEINLMSLATEDNFDPIDVSQLFDEPDSDSGLSLDSSH,True,True
111,sp|P54274|TERF1_HUMAN,44,93,49,Prediction,LECQVQVGAPEEEEEEEEDAGLVAEAEAVAAGWMLDFLCLSLCRAFRDG,True,False
112,sp|Q01094|E2F1_HUMAN,379,437,58,Prediction,ADSLLEHVREDFSGLLPEEFISLSPPHEALDYHFGLEEGEGIRDLFDCDFGDLTPLDF,True,True
113,sp|O15060|ZBT39_HUMAN,274,334,60,Prediction,SCLSNSEHSKDPGFGQMDELQLEDLGDDDLQFEDPAEDIGTTEEVIELSDDSEDELAFGE,False,True
114,sp|Q9UIF9|BAZ2A_HUMAN,284,322,38,Prediction,PDQLEDTPILSEDSLEPFNSLAPEPVSGGLYGIDDTEL,False,False
115,sp|Q86UP3|ZFHX4_HUMAN,464,511,47,Prediction,EPTEPGDEDEEDAYSNELDDEEVLGELTDSIGNKDFPLLNQSISPLS,False,False
116,sp|Q86UP3|ZFHX4_HUMAN,1404,1443,39,Prediction,ELSEAELQQLYASLPVNGELWAESETMSQDDHGLEQEME,False,True
117,sp|O00409|FOXN3_HUMAN,22,76,54,Prediction,SQCYGGSGFSKALQEDDDLDFSLPDIRLEEGAMEDEELTNLNWLHESKNLLKSF,True,True
118,sp|P04198|MYCN_HUMAN,16,56,40,Prediction,PDLEFDSLQPCFYPDEDDFYFGGPDSTPPGEDIWKKFELL,True,True
119,sp|O15156|ZBT7B_HUMAN,265,315,50,Prediction,GPQSYEPYEGEEEEEELVYPPAYGLAQGGGPPLSPEELGSDEDAIDPDLM,False,True
120,sp|P78413|IRX4_HUMAN,249,289,40,Prediction,KEEKELELSDLDDFDPLEAEPPACELKPPFHSLDGGLERV,False,False
121,sp|Q6P1N0|C2D1A_HUMAN,21,60,39,Prediction,GLLVDLSPDGLMIPEDGANDEELEAEFLALVGGQPPALE,True,False
122,sp|Q9H582|ZN644_HUMAN,851,947,96,Prediction,SYETEDESSWDNVELGDYTTQAIEDETYSDINQEHVNLFPLFKSKVEGQEPGENATLSYDQNDGFYFEYYEDTGSNNFLHEIHDPQHLETADASLS,True,True
123,sp|Q8WY36|BBX_HUMAN,24,70,46,Prediction,CLQWHPLLAKKLLDFSEEEEEEDEEEDIDKVQLLGADGLEQDVGET,False,False
124,sp|Q9ULD5|ZN777_HUMAN,453,495,42,Prediction,EEQDEEEEEEEEDELPQHLQSLGQLSGRYEASMYQTPLPGEM,False,False
125,sp|P41161|ETV5_HUMAN,31,83,52,Prediction,RKFLDTDLAHDSEELFQDLSQLQEAWLAEAQVPDDEQFVPDFQSDNLVLHAP,True,True
126,sp|P41161|ETV5_HUMAN,469,508,39,Prediction,ESECHLSEEDTLPLTHFEDSPAYLLDMDRCSSLPYAEGF,False,True
127,sp|Q8IY51|TIGD4_HUMAN,390,437,47,Prediction,NAEKDTGLDLVADALGAGVEFPEGLSIEEYAALDDDLETCEAAPNGD,False,False
128,sp|Q96HQ0|ZN419_HUMAN,8,46,38,Prediction,PAQVPVAADLLTDHEEGYVTFEDVAVYFSQEEWRLLDD,True,False
129,sp|Q9BQA5|HINFP_HUMAN,29,93,64,Prediction,EKFFEHVTQHLQQHLHGSGEEEEEEEEDDPLEEEFSCLWQECGFCSLDSSADLIRHVYFHCYHT,True,False
130,sp|Q9NS37|ZHANG_HUMAN,74,132,58,Prediction,VRAPSPEEMEEEAIASLPGEETEDMDFLSGLELADLLDPRQPDWHLDPGLSSPGPLSS,True,True
131,sp|Q92949|FOXJ1_HUMAN,292,406,114,Prediction,LPTPEEQGELEPLKGNFDWEAIFDAGTLGGELGALEALELSPPLSPASHVDVDLTIHGRHIDCPATWGPSVEQAADSLDFDETFLATSFLQHPWDESGSGCLPPEPLFEAGDAT,True,True
132,sp|O00716|E2F3_HUMAN,408,465,57,Prediction,QTEDQIPSNLEGPFVNLLPPLLQEDYLLSLGEEEGISDLFDAYDLEKLPLVEDFMCS,True,True
133,sp|Q3SY52|ZIK1_HUMAN,38,77,39,Prediction,DEWGLLDEAQRLLYLEVMLENFALVASLGCGHGTEDEET,True,False
134,sp|Q99607|ELF4_HUMAN,18,58,40,Prediction,MDDDIHQLEDPSVFPAVIVEQVPYPDLLHLYSGLELDDVH,True,True
135,sp|P11473|VDR_HUMAN,195,236,41,Prediction,MMDSSSFSNLDLSEEDSDDPSVTLELSQLSMLPHLADLVSY,True,False
136,sp|Q2KHR2|RFX7_HUMAN,756,798,42,Prediction,QLPLQSELKEFEPSVSQTNESYFPFDDELTQDSIVEELVLME,True,True
137,sp|Q8IZM8|ZN654_HUMAN,132,177,45,Prediction,GSPNNSLNNVFKPLTECGDDYEEEEDEEGDYEEDDYDLNQETSVI,False,True
138,sp|Q5TGY3|AHDC1_HUMAN,227,266,39,Prediction,EPEPDSTDYSELADADILSELASLTCPEAQLLEAQALEP,True,False
139,sp|A8MYZ6|FOXO6_HUMAN,428,476,48,Prediction,APDRFPADLDLDMFSGSLECDVESIILNDFMDSDEMDFNFDSALPPPP,True,True
140,sp|Q96AP4|ZUP1_HUMAN,180,218,38,Prediction,LDIPLEDCDQPLYDCPMCGLICTNYHILQEHVDLHLEE,True,False
141,sp|O60678|ANM3_HUMAN,102,156,54,Prediction,VEYMNSIYNPVPWEKEEYLKPVLEDDLLLQFDVEDLYEPVSVPFSYPNGLSENT,True,False
142,sp|Q00613|HSF1_HUMAN,471,512,41,Prediction,PLFLLDPGSVDTGSNDLPVLFELGEGSYFSEGDGFAEDPTI,True,True
143,sp|Q8WW38|FOG2_HUMAN,25,77,52,Prediction,ECPSEETDIISKGDFPLEESFSTEFGPENLSCEEVEYFCNKGDDEGIQETAE,True,True
